Word,Fontsize,FontFamily,FontFaceStyle,Left,Top,Right,Bottom,RecognitionConfidence,Id,RegionId,LineId,imageFile
WriteonWebChrome,11,Helvetica,r,41,9,168,18,54,0,0,0,i_0002.jpg 
XV,11,Helvetica,b,184,2,226,22,21,1,0,0,i_0002.jpg 
Top,11,Helvetica,r,234,9,254,21,208,2,0,0,i_0002.jpg 
Hat,11,Helvetica,r,259,9,276,18,208,3,0,0,i_0002.jpg 
Secure,11,Helvetica,r,123,41,163,51,201,5,0,1,i_0002.jpg 
httpsapptophatcori,11,Helvetica,r,183,41,324,54,30,6,0,1,i_0002.jpg 
GRADEHOOK,10,Times,r,149,92,224,101,79,9,2,3,i_0002.jpg 
STUDENTS,10,Helvetica,r,254,92,317,101,204,10,3,4,i_0002.jpg 
MARKETPLACE,10,Helvetica,r,348,92,433,101,193,11,3,4,i_0002.jpg 
Fall,11,Helvetica,b,605,511,625,521,163,18,4,8,i_0002.jpg 
FieLd,11,Helvetica,b,661,511,688,521,164,20,4,8,i_0002.jpg 
trips,11,Helvetica,r,693,511,720,524,194,21,4,8,i_0002.jpg 
iiI,11,Helvetica,b,858,743,872,753,29,24,5,10,i_0002.jpg 
AM,11,Helvetica,b,967,735,985,744,210,27,5,10,i_0002.jpg 
Relay,9,Helvetica,r,149,144,174,155,88,32,6,12,i_0002.jpg 
Reordev,9,Helvetica,r,178,144,219,152,40,33,6,12,i_0002.jpg 
Creat,11,Helvetica,r,34,154,72,163,46,36,6,13,i_0002.jpg 
O1sissonintroFl81pptx,11,Helvetica,r,115,323,276,336,29,41,8,17,i_0002.jpg 
O1sissonintroFl81pptx,11,Helvetica,r,116,355,276,368,27,42,8,18,i_0002.jpg 
Chapter,11,Helvetica,b,84,387,131,400,208,44,8,19,i_0002.jpg 
Plate,11,Helvetica,b,145,387,174,397,166,46,8,19,i_0002.jpg 
Tectonics,11,Helvetica,r,178,387,233,397,201,47,8,19,i_0002.jpg 
Chapter3Minerals,11,Helvetica,b,84,419,194,432,31,49,8,20,i_0002.jpg 
Homework,9,Helvetica,r,393,324,447,333,191,50,9,21,i_0002.jpg 
03MineralsFl8,13,Helvetica,b,495,152,635,168,28,51,10,22,i_0002.jpg 
Download,11,Helvetica,r,665,160,722,170,198,52,10,23,i_0002.jpg 
original,11,Helvetica,r,727,160,770,173,205,53,10,23,i_0002.jpg 
Reupload,11,Helvetica,r,802,154,860,167,194,54,10,23,i_0002.jpg 
slides,11,Helvetica,r,864,154,897,164,206,55,10,23,i_0002.jpg 
Edit,11,Helvetica,r,919,154,941,164,205,56,10,23,i_0002.jpg 
Delete,11,Helvetica,r,962,154,997,164,184,57,10,23,i_0002.jpg 
Not,11,Helvetica,b,537,206,557,215,209,59,10,24,i_0002.jpg 
Assigne,11,Helvetica,b,560,205,619,218,74,60,10,24,i_0002.jpg 
Assign,11,Helvetica,r,747,205,784,218,196,61,10,24,i_0002.jpg 
Present,11,Helvetica,r,871,206,916,215,202,63,10,24,i_0002.jpg 
Slides,11,Helvetica,r,919,205,953,215,192,64,10,24,i_0002.jpg 
Mineral,11,Helvetica,b,605,291,648,301,210,66,10,26,i_0002.jpg 
groups,11,Helvetica,b,652,294,693,304,210,67,10,26,i_0002.jpg 
Slide,11,Helvetica,b,605,401,634,411,196,68,10,27,i_0002.jpg 
sLides,11,Helvetica,r,344,356,373,365,149,71,11,28,i_0002.jpg 
items,11,Helvetica,r,345,389,372,397,198,73,11,29,i_0002.jpg 
items,11,Helvetica,r,345,423,372,429,173,75,11,30,i_0002.jpg 
03MineralsFl8croppedpplx,11,Helvetica,b,115,451,297,464,26,81,13,34,i_0002.jpg 
slides,11,Helvetica,b,344,452,373,461,169,83,13,34,i_0002.jpg 
Vj,5,Helvetica,r,104,608,118,625,31,86,14,36,i_0002.jpg 
Announcements,11,Helvetica,r,137,484,234,493,210,88,15,38,i_0002.jpg 
Rock,11,Helvetica,r,138,515,167,525,206,89,15,39,i_0002.jpg 
versus,11,Helvetica,r,170,518,208,525,207,90,15,39,i_0002.jpg 
Mineral,11,Helvetica,b,213,515,256,525,199,91,15,39,i_0002.jpg 
Geologists,11,Helvetica,b,138,547,203,560,203,92,15,40,i_0002.jpg 
Definition,11,Helvetica,b,207,547,265,557,132,93,15,40,i_0002.jpg 
of,11,Helvetica,b,269,547,281,557,208,94,15,40,i_0002.jpg 
Mineral,11,Helvetica,b,295,547,338,557,198,96,15,40,i_0002.jpg 
Why,11,Helvetica,b,137,579,163,592,210,97,15,41,i_0002.jpg 
Minerals,11,Helvetica,b,167,579,216,589,131,98,15,41,i_0002.jpg 
are,11,Helvetica,b,220,582,238,589,212,99,15,41,i_0002.jpg 
Important,11,Helvetica,b,243,580,303,592,169,100,15,41,i_0002.jpg 
During,11,Helvetica,b,138,611,178,624,194,101,15,42,i_0002.jpg 
your,11,Helvetica,b,180,614,208,624,211,102,15,42,i_0002.jpg 
life,11,Helvetica,b,212,611,233,623,204,103,15,42,i_0002.jpg 
you,11,Helvetica,b,237,614,258,624,210,104,15,42,i_0002.jpg 
will,11,Helvetica,b,262,611,283,621,171,105,15,42,i_0002.jpg 
use,11,Helvetica,b,287,614,306,621,210,106,15,42,i_0002.jpg 
these,11,Helvetica,b,310,611,342,621,211,107,15,42,i_0002.jpg 
geot,11,Helvetica,b,346,611,374,624,97,108,15,42,i_0002.jpg 
Slide,11,Helvetica,b,138,643,167,653,175,109,15,43,i_0002.jpg 
Slide,11,Helvetica,r,67,687,95,697,208,111,16,44,i_0002.jpg 
deck,11,Helvetica,r,98,687,126,697,193,112,16,44,i_0002.jpg 
is,11,Helvetica,b,129,687,138,697,196,113,16,44,i_0002.jpg 
ready,11,Helvetica,b,142,687,174,700,192,114,16,44,i_0002.jpg 
GOTO,11,Helvetica,b,198,688,235,697,163,115,16,44,i_0002.jpg 
Where,11,Helvetica,b,604,621,642,631,210,117,17,45,i_0002.jpg 
do,11,Helvetica,b,646,621,660,631,211,118,17,45,i_0002.jpg 
you,11,Helvetica,b,664,624,685,634,211,119,17,45,i_0002.jpg 
find,11,Helvetica,b,689,621,711,631,209,120,17,45,i_0002.jpg 
minerals,11,Helvetica,b,716,621,773,631,146,121,17,45,i_0002.jpg 
WnteonWebChrome,11,Helvetica,r,41,9,168,18,33,1,0,0,i_0003.jpg 
XVT,13,Helvetica,b,184,2,226,22,53,2,0,0,i_0003.jpg 
TopHat,11,Helvetica,r,234,9,276,21,207,3,0,0,i_0003.jpg 
Secure,11,Helvetica,r,123,41,163,51,225,7,0,1,i_0003.jpg 
httpsapptophatcorn,11,Helvetica,r,183,41,324,54,21,9,0,1,i_0003.jpg 
CONTENT,10,Helvetica,b,61,92,119,101,226,10,1,2,i_0003.jpg 
GRADEBOOK,10,Times,r,149,92,224,101,137,11,2,3,i_0003.jpg 
STUDENTS,10,Helvetica,r,254,92,317,101,227,12,3,4,i_0003.jpg 
MARKETPLACE,10,Helvetica,r,348,92,433,101,226,13,3,4,i_0003.jpg 
03MineraisFiB,13,Helvetica,b,495,152,635,168,32,14,4,5,i_0003.jpg 
Not,11,Helvetica,r,537,206,558,215,230,18,5,7,i_0003.jpg 
Assigne,11,Helvetica,r,560,205,619,218,96,19,5,7,i_0003.jpg 
Create,11,Helvetica,r,34,154,72,163,228,27,9,14,i_0003.jpg 
Download,11,Helvetica,r,665,160,722,170,224,28,10,15,i_0003.jpg 
original,11,Helvetica,r,727,160,770,173,221,29,10,15,i_0003.jpg 
Formative,11,Helvetica,r,84,195,144,205,223,31,12,17,i_0003.jpg 
Assessment,11,Times,r,147,196,221,205,213,32,12,17,i_0003.jpg 
Increasing,11,Helvetica,r,226,195,287,208,199,33,12,17,i_0003.jpg 
Co,11,Helvetica,r,291,196,319,205,182,34,12,17,i_0003.jpg 
items,11,Helvetica,r,339,197,366,205,222,36,12,17,i_0003.jpg 
Professional,11,Helvetica,r,116,227,189,237,223,38,13,18,i_0003.jpg 
Development,11,Helvetica,r,193,227,273,240,228,39,13,18,i_0003.jpg 
Tasks,11,Helvetica,r,276,227,309,237,229,40,13,18,i_0003.jpg 
Li,11,Helvetica,r,41,259,53,268,171,41,14,19,i_0003.jpg 
Formative,10,Times,r,116,259,176,269,224,42,15,20,i_0003.jpg 
Assessment,10,Times,r,179,260,262,269,160,43,15,20,i_0003.jpg 
Increased,11,Helvetica,r,266,259,322,269,221,44,15,20,i_0003.jpg 
Compr,11,Helvetica,r,327,260,380,272,156,45,15,20,i_0003.jpg 
ci,17,Helvetica,r,41,320,53,332,28,48,17,23,i_0003.jpg 
Chapterl,11,Helvetica,r,84,291,140,304,189,49,18,24,i_0003.jpg 
lAssigned,11,Helvetica,r,331,293,383,304,45,50,18,24,i_0003.jpg 
Te,5,Helvetica,r,109,319,119,325,18,52,18,25,i_0003.jpg 
ruth,9,Helvetica,r,123,320,145,333,24,53,18,25,i_0003.jpg 
Ct3pter3Minerab,11,Helvetica,r,84,419,194,432,35,58,18,27,i_0003.jpg 
ta,11,Helvetica,r,348,423,357,429,31,59,18,27,i_0003.jpg 
Homework,10,Helvetica,r,393,324,447,333,89,61,19,29,i_0003.jpg 
Mineraigroups,11,Helvetica,r,605,291,693,304,98,64,21,32,i_0003.jpg 
Slide,11,Helvetica,r,605,401,634,411,225,65,21,33,i_0003.jpg 
Fa1l2018,11,Helvetica,r,605,511,656,521,44,68,21,35,i_0003.jpg 
Field,11,Helvetica,r,661,511,688,521,202,69,21,35,i_0003.jpg 
tnps,11,Helvetica,r,693,512,720,524,128,70,21,35,i_0003.jpg 
it,5,Helvetica,r,78,450,91,460,26,77,25,42,i_0003.jpg 
03MineraLsFlacroppedppx,10,Times,r,115,451,297,464,19,78,25,42,i_0003.jpg 
63slides,11,Helvetica,r,330,452,373,461,66,79,25,42,i_0003.jpg 
Announcements,11,Helvetica,r,137,484,234,493,215,81,26,43,i_0003.jpg 
Rock,11,Times,r,138,515,167,525,229,85,26,45,i_0003.jpg 
versus,11,Helvetica,r,170,518,208,525,225,86,26,45,i_0003.jpg 
Mineral,11,Helvetica,r,213,515,256,525,216,87,26,45,i_0003.jpg 
Geologists,11,Helvetica,r,138,547,203,560,204,90,26,46,i_0003.jpg 
Definition,11,Helvetica,r,207,547,265,557,222,91,26,46,i_0003.jpg 
of,11,Helvetica,r,269,547,281,557,224,92,26,46,i_0003.jpg 
Mineral,11,Helvetica,r,295,547,338,557,224,94,26,46,i_0003.jpg 
Why,11,Helvetica,r,137,579,163,592,224,96,27,47,i_0003.jpg 
Minerals,11,Helvetica,r,167,579,216,589,215,97,27,47,i_0003.jpg 
are,11,Helvetica,r,220,582,238,589,224,98,27,47,i_0003.jpg 
Important,11,Helvetica,r,243,580,303,592,225,99,27,47,i_0003.jpg 
During,11,Helvetica,r,138,611,177,624,222,102,27,48,i_0003.jpg 
your,11,Helvetica,r,180,614,208,624,224,103,27,48,i_0003.jpg 
life,11,Helvetica,r,212,611,233,623,180,104,27,48,i_0003.jpg 
you,11,Helvetica,r,237,614,258,624,225,105,27,48,i_0003.jpg 
will,11,Helvetica,r,262,611,283,621,222,106,27,48,i_0003.jpg 
use,11,Helvetica,r,287,614,306,621,224,107,27,48,i_0003.jpg 
these,11,Helvetica,r,310,611,342,621,224,108,27,48,i_0003.jpg 
geol,11,Helvetica,r,346,611,384,624,166,109,27,48,i_0003.jpg 
Slide6,11,Helvetica,r,138,643,177,653,123,112,27,49,i_0003.jpg 
Where,11,Helvetica,r,604,621,642,631,225,115,29,52,i_0003.jpg 
do,11,Helvetica,r,646,621,660,631,224,116,29,52,i_0003.jpg 
you,11,Helvetica,r,664,624,685,634,224,117,29,52,i_0003.jpg 
find,11,Helvetica,r,689,621,711,631,223,118,29,52,i_0003.jpg 
minerals,11,Helvetica,r,716,621,773,631,219,119,29,52,i_0003.jpg 
Reupload,11,Helvetica,r,802,154,860,167,201,120,30,53,i_0003.jpg 
slides,11,Helvetica,r,864,154,897,164,223,121,30,53,i_0003.jpg 
Edit,11,Helvetica,r,919,154,941,164,224,122,30,53,i_0003.jpg 
Delete,11,Helvetica,r,962,155,997,164,223,123,30,53,i_0003.jpg 
Assign,11,Helvetica,r,747,205,784,218,227,124,30,54,i_0003.jpg 
Present,11,Helvetica,r,872,206,916,215,227,126,30,54,i_0003.jpg 
Slidesfl,11,Helvetica,r,919,194,998,226,131,127,30,54,i_0003.jpg 
iil,11,Helvetica,r,858,743,872,753,19,130,30,57,i_0003.jpg 
AM,11,Helvetica,r,967,735,985,744,224,134,30,57,i_0003.jpg 
Slidedeckisready,11,Helvetica,r,67,687,174,700,115,136,31,59,i_0003.jpg 
GOTO,10,Helvetica,b,198,688,235,697,213,137,31,59,i_0003.jpg 
xJ,23,HelveticaCentury,b,264,668,295,716,162,138,32,60,i_0003.jpg 
Write,11,Helvetica,r,41,9,69,18,211,0,0,0,i_0004.jpg 
on,11,Helvetica,r,74,12,86,18,222,1,0,0,i_0004.jpg 
Web,11,Helvetica,r,90,9,114,18,222,2,0,0,i_0004.jpg 
Chrome,11,Helvetica,r,127,9,168,18,224,3,0,0,i_0004.jpg 
Top,11,Helvetica,r,234,9,254,21,223,6,0,0,i_0004.jpg 
Hat,11,Helvetica,r,259,9,276,18,223,7,0,0,i_0004.jpg 
Secure,11,Helvetica,r,123,41,163,51,223,10,1,1,i_0004.jpg 
CONTENT,11,Helvetica,r,61,92,119,101,225,13,2,2,i_0004.jpg 
GRADEBOOK,10,Times,r,149,92,224,101,98,14,3,3,i_0004.jpg 
STUDENTS,11,Helvetica,r,254,92,317,101,226,15,4,4,i_0004.jpg 
MARKETPLACE,11,Helvetica,r,348,92,433,101,224,16,4,4,i_0004.jpg 
Formative,11,Helvetica,r,84,195,144,205,227,17,5,5,i_0004.jpg 
Assessment,11,Helvetica,r,147,196,221,205,215,18,5,5,i_0004.jpg 
Increasing,11,Helvetica,r,226,195,287,208,189,19,5,5,i_0004.jpg 
Co,11,Helvetica,r,291,196,319,205,119,20,5,5,i_0004.jpg 
items,9,Helvetica,r,339,197,366,205,221,22,5,5,i_0004.jpg 
Professional,11,Helvetica,r,116,227,189,237,227,24,5,6,i_0004.jpg 
Development,11,Helvetica,r,193,227,273,240,224,25,5,6,i_0004.jpg 
Tasks,11,Helvetica,r,276,227,309,237,211,26,5,6,i_0004.jpg 
Formative,11,Helvetica,r,116,259,176,269,224,28,5,7,i_0004.jpg 
Assessment,11,Helvetica,r,179,260,250,269,223,29,5,7,i_0004.jpg 
Increased,11,Helvetica,r,266,259,322,269,196,31,5,7,i_0004.jpg 
Compr,11,Helvetica,r,327,260,379,272,48,32,5,7,i_0004.jpg 
Chapter,11,Helvetica,r,84,291,131,304,219,33,5,8,i_0004.jpg 
lAssignd,11,Helvetica,r,331,293,383,304,27,35,5,8,i_0004.jpg 
O1sissonjntroFl81pptx,11,Helvetica,r,116,323,276,336,39,37,5,9,i_0004.jpg 
Chapter,11,Helvetica,r,84,387,131,400,220,40,5,11,i_0004.jpg 
Plate,11,Helvetica,r,145,387,174,397,224,42,5,11,i_0004.jpg 
Tectonics,11,Helvetica,r,178,387,233,397,227,43,5,11,i_0004.jpg 
Chapter,11,Helvetica,r,84,419,131,432,218,44,5,12,i_0004.jpg 
Minerals,11,Helvetica,r,145,419,194,429,222,46,5,12,i_0004.jpg 
03MineralsFl8croppedpplx,11,Helvetica,r,115,451,297,464,39,48,5,13,i_0004.jpg 
slides,11,Helvetica,r,344,452,373,461,209,50,5,13,i_0004.jpg 
Announcements,11,Helvetica,r,137,484,234,493,212,52,5,14,i_0004.jpg 
Rockversus,11,Helvetica,r,138,515,208,525,156,55,5,15,i_0004.jpg 
Mineral,11,Helvetica,r,213,515,256,525,228,56,5,15,i_0004.jpg 
Geologists,11,Helvetica,r,138,547,203,560,202,58,5,16,i_0004.jpg 
Definition,11,Helvetica,r,207,547,265,557,219,59,5,16,i_0004.jpg 
of,11,Helvetica,r,269,547,281,557,224,60,5,16,i_0004.jpg 
Mineral,11,Helvetica,r,295,547,338,557,228,62,5,16,i_0004.jpg 
Why,11,Helvetica,r,137,579,163,592,224,63,5,17,i_0004.jpg 
Minerals,11,Helvetica,r,167,579,216,589,221,64,5,17,i_0004.jpg 
are,11,Helvetica,r,220,582,239,589,224,65,5,17,i_0004.jpg 
Important,11,Helvetica,r,243,580,303,592,227,66,5,17,i_0004.jpg 
During,11,Helvetica,r,138,611,177,624,223,69,5,18,i_0004.jpg 
your,11,Helvetica,r,180,614,208,624,225,70,5,18,i_0004.jpg 
life,11,Helvetica,r,212,611,233,623,170,71,5,18,i_0004.jpg 
you,11,Helvetica,r,237,614,258,624,225,72,5,18,i_0004.jpg 
will,11,Helvetica,r,262,611,283,621,223,73,5,18,i_0004.jpg 
use,11,Helvetica,r,287,614,306,621,224,74,5,18,i_0004.jpg 
these,11,Helvetica,r,310,611,342,621,224,75,5,18,i_0004.jpg 
geoL,11,Helvetica,r,346,611,384,624,52,76,5,18,i_0004.jpg 
Slide,11,Helvetica,r,138,643,167,653,224,79,5,19,i_0004.jpg 
fr,5,Helvetica,r,96,654,119,658,28,81,5,20,i_0004.jpg 
Slidedeckisready,11,Helvetica,r,67,687,174,700,148,83,5,21,i_0004.jpg 
GOTO,10,Helvetica,b,198,688,235,697,216,84,5,21,i_0004.jpg 
03MineralsFl8,13,Helvetica,b,495,152,635,168,35,87,6,22,i_0004.jpg 
Download,11,Helvetica,r,665,160,722,170,222,88,6,22,i_0004.jpg 
original,11,Helvetica,r,727,160,770,173,225,89,6,22,i_0004.jpg 
NotAssigne,11,Helvetica,r,537,205,619,218,108,94,7,24,i_0004.jpg 
Homework,10,Times,r,393,324,447,333,201,96,9,26,i_0004.jpg 
aa,6,Helvetica,r,514,276,562,283,34,100,10,30,i_0004.jpg 
Mineral,11,Helvetica,r,605,291,648,301,224,102,11,32,i_0004.jpg 
groups,11,Helvetica,r,652,294,693,304,224,103,11,32,i_0004.jpg 
Create,11,Helvetica,r,34,154,72,163,217,104,12,33,i_0004.jpg 
slides,10,Times,r,345,356,373,365,205,114,14,42,i_0004.jpg 
items,10,Times,r,345,389,372,397,220,116,14,43,i_0004.jpg 
items,10,Times,r,345,421,372,429,216,118,14,44,i_0004.jpg 
Slide,11,Helvetica,r,605,401,634,411,198,123,15,47,i_0004.jpg 
Fall,11,Helvetica,r,605,511,625,521,225,130,15,52,i_0004.jpg 
Field,11,Helvetica,r,661,511,688,521,224,132,15,52,i_0004.jpg 
trips,11,Helvetica,r,693,511,720,524,227,133,15,52,i_0004.jpg 
Where,11,Helvetica,r,604,621,642,631,224,134,15,53,i_0004.jpg 
do,11,Helvetica,r,646,621,660,631,225,135,15,53,i_0004.jpg 
you,11,Helvetica,r,664,624,685,634,224,136,15,53,i_0004.jpg 
find,11,Helvetica,r,689,621,711,631,223,137,15,53,i_0004.jpg 
minerals,11,Helvetica,r,716,621,773,631,217,138,15,53,i_0004.jpg 
Reupload,11,Helvetica,r,802,154,860,167,191,139,16,54,i_0004.jpg 
slides,11,Helvetica,r,864,154,897,164,224,140,16,54,i_0004.jpg 
Edit,11,Helvetica,r,919,154,941,164,224,141,16,54,i_0004.jpg 
Delete,11,Helvetica,r,962,154,997,164,222,142,16,54,i_0004.jpg 
fl,19,Helvetica,r,724,200,741,219,183,143,16,55,i_0004.jpg 
Assign,11,Helvetica,r,747,205,784,218,223,144,16,55,i_0004.jpg 
Present,11,Helvetica,r,872,206,916,215,226,147,16,55,i_0004.jpg 
Slides,11,Helvetica,r,919,205,953,215,226,148,16,55,i_0004.jpg 
957AM,11,Helvetica,r,942,735,984,744,28,149,16,56,i_0004.jpg 
iil,10,Helvetica,b,858,743,872,753,19,152,16,57,i_0004.jpg 
Write,11,Helvetica,r,41,9,69,18,53,0,0,0,i_0006.jpg 
on,11,Helvetica,r,74,12,86,18,209,1,0,0,i_0006.jpg 
Web,11,Helvetica,r,91,9,114,18,210,2,0,0,i_0006.jpg 
Chrome,11,Helvetica,r,127,9,168,18,209,4,0,0,i_0006.jpg 
Top,11,Helvetica,r,234,9,254,21,210,8,0,0,i_0006.jpg 
Hat,11,Helvetica,r,259,9,276,18,210,9,0,0,i_0006.jpg 
Secure,11,Helvetica,r,123,41,163,51,196,12,0,1,i_0006.jpg 
httpsapptophatcorCONTENT,11,Helvetica,r,183,41,323,54,33,13,0,1,i_0006.jpg 
GRADEBOOK,10,Times,r,149,92,224,101,139,14,0,2,i_0006.jpg 
STUDENTS,10,Times,r,254,92,317,101,206,15,0,2,i_0006.jpg 
MARKETPLACE,10,Times,r,348,92,433,101,205,16,0,2,i_0006.jpg 
Homework,10,Times,r,393,324,447,333,177,19,3,5,i_0006.jpg 
Create,11,Helvetica,r,34,154,72,163,202,22,4,8,i_0006.jpg 
FormativeAssessment,11,Helvetica,r,84,195,222,205,48,24,4,9,i_0006.jpg 
Increasing,11,Helvetica,r,226,195,287,208,115,25,4,9,i_0006.jpg 
Co,11,Helvetica,r,291,196,319,205,192,26,4,9,i_0006.jpg 
items,11,Helvetica,r,339,198,366,205,178,28,4,9,i_0006.jpg 
Professional,11,Helvetica,r,116,227,189,237,198,29,4,10,i_0006.jpg 
Development,11,Helvetica,r,193,227,273,240,206,30,4,10,i_0006.jpg 
Tasks,11,Helvetica,r,276,227,309,237,210,31,4,10,i_0006.jpg 
Formative,11,Helvetica,r,116,259,176,269,158,33,4,11,i_0006.jpg 
Assessrnent,11,Helvetica,r,179,260,262,269,68,34,4,11,i_0006.jpg 
Increased,11,Helvetica,r,266,259,322,269,108,35,4,11,i_0006.jpg 
Compr,11,Helvetica,r,327,260,379,272,141,36,4,11,i_0006.jpg 
Chapter,11,Helvetica,r,84,291,131,304,210,38,4,12,i_0006.jpg 
Assigned,10,Helvetica,r,339,293,383,304,201,41,4,12,i_0006.jpg 
O1sissonintroFl81pptx,11,Helvetica,r,116,323,277,336,24,43,4,13,i_0006.jpg 
01sissonintroFl81pptx,11,Helvetica,r,116,355,277,368,23,45,4,14,i_0006.jpg 
slides,11,Helvetica,r,345,356,373,365,178,47,4,14,i_0006.jpg 
Chapter,11,Helvetica,r,84,387,131,400,209,49,4,15,i_0006.jpg 
Plate,11,Helvetica,r,145,387,174,397,186,51,4,15,i_0006.jpg 
Tectonics,11,Helvetica,r,178,387,233,397,204,52,4,15,i_0006.jpg 
items,11,Helvetica,r,345,389,372,397,185,54,4,15,i_0006.jpg 
Chapter3Minerals,11,Helvetica,r,84,419,194,432,64,56,4,16,i_0006.jpg 
slides,10,Helvetica,r,344,452,373,461,159,61,4,17,i_0006.jpg 
Announcements,11,Helvetica,r,137,484,234,493,191,63,4,18,i_0006.jpg 
Rockversus,11,Helvetica,r,138,515,208,525,77,66,4,19,i_0006.jpg 
Mineral,11,Helvetica,r,213,515,256,525,207,67,4,19,i_0006.jpg 
Geologists,11,Helvetica,r,138,547,203,560,185,69,4,20,i_0006.jpg 
Definition,11,Helvetica,r,207,547,265,557,193,70,4,20,i_0006.jpg 
of,11,Helvetica,r,269,547,281,557,211,71,4,20,i_0006.jpg 
Mineral,11,Helvetica,r,295,547,338,557,201,73,4,20,i_0006.jpg 
Why,11,Helvetica,r,137,579,163,592,210,74,4,21,i_0006.jpg 
Minerals,11,Helvetica,r,167,579,216,589,189,75,4,21,i_0006.jpg 
are,11,Helvetica,r,220,582,238,589,212,76,4,21,i_0006.jpg 
Important,11,Helvetica,r,243,580,303,592,205,77,4,21,i_0006.jpg 
iJ,7,Helvetica,r,73,612,85,620,27,78,4,22,i_0006.jpg 
During,11,Helvetica,r,138,611,177,624,178,80,4,22,i_0006.jpg 
your,11,Helvetica,r,180,614,208,624,212,81,4,22,i_0006.jpg 
life,11,Helvetica,r,212,611,233,623,196,82,4,22,i_0006.jpg 
you,11,Helvetica,r,237,614,258,624,208,83,4,22,i_0006.jpg 
will,11,Helvetica,r,262,611,283,621,121,84,4,22,i_0006.jpg 
use,11,Helvetica,r,287,614,306,621,210,85,4,22,i_0006.jpg 
these,11,Helvetica,r,310,611,342,621,210,86,4,22,i_0006.jpg 
geol,11,Helvetica,r,346,611,384,624,122,87,4,22,i_0006.jpg 
Slide,11,Helvetica,r,138,643,167,653,158,90,4,23,i_0006.jpg 
Slide,11,Helvetica,r,138,675,167,685,203,92,4,24,i_0006.jpg 
Native,11,Helvetica,r,138,707,175,717,212,96,4,25,i_0006.jpg 
Elements,11,Helvetica,r,180,707,235,717,209,97,4,25,i_0006.jpg 
03MineraIsFl8,13,Helvetica,b,495,152,635,168,24,98,5,26,i_0006.jpg 
Not,11,Helvetica,r,537,206,558,215,204,100,5,27,i_0006.jpg 
Download,11,Helvetica,r,665,160,722,170,209,110,6,34,i_0006.jpg 
original,11,Helvetica,r,727,160,770,173,210,111,6,34,i_0006.jpg 
Reupload,11,Helvetica,r,802,154,860,167,206,112,6,34,i_0006.jpg 
sLides,11,Helvetica,r,864,154,897,164,195,113,6,34,i_0006.jpg 
Edit,11,Helvetica,r,919,154,941,164,210,114,6,34,i_0006.jpg 
Delete,11,Helvetica,r,962,155,997,164,200,115,6,34,i_0006.jpg 
Assign,11,Helvetica,r,747,205,784,218,205,116,6,35,i_0006.jpg 
Present,10,Helvetica,r,872,206,916,215,195,118,6,35,i_0006.jpg 
Slides,10,Helvetica,r,919,205,953,215,189,119,6,35,i_0006.jpg 
Mineral,11,Helvetica,r,605,291,648,301,206,120,6,36,i_0006.jpg 
groups,11,Helvetica,r,652,294,693,304,211,121,6,36,i_0006.jpg 
Slide,11,Helvetica,r,605,401,633,411,210,122,6,37,i_0006.jpg 
Fall,11,Helvetica,r,605,511,625,521,212,124,6,38,i_0006.jpg 
Field,11,Helvetica,r,661,511,688,521,207,126,6,38,i_0006.jpg 
trips,11,Helvetica,r,693,511,720,524,184,127,6,38,i_0006.jpg 
Where,11,Helvetica,r,604,621,642,631,210,128,6,39,i_0006.jpg 
do,11,Helvetica,r,646,621,660,631,212,129,6,39,i_0006.jpg 
you,11,Helvetica,r,664,624,685,634,211,130,6,39,i_0006.jpg 
find,11,Helvetica,r,689,621,711,631,201,131,6,39,i_0006.jpg 
minerals,11,Helvetica,r,716,621,773,631,196,132,6,39,i_0006.jpg 
AM,11,Helvetica,r,967,735,985,744,210,137,6,40,i_0006.jpg 
WrrteonWebChrome,11,Helvetica,b,42,9,167,18,30,0,0,0,i_0008.jpg 
TopHat,11,Helvetica,b,234,9,276,21,119,2,0,0,i_0008.jpg 
Secure,11,Helvetica,b,123,41,163,51,225,5,0,1,i_0008.jpg 
httpsLapptophatcome969008,11,Helvetica,b,183,41,388,54,25,6,0,1,i_0008.jpg 
GEOL,13,Helvetica,r,184,292,224,304,218,7,0,2,i_0008.jpg 
Join,30,HelveticaCentury,b,185,322,270,357,218,9,0,3,i_0008.jpg 
Code,30,HelveticaCentury,b,285,322,398,357,217,10,0,3,i_0008.jpg 
Students,15,Helvetica,r,184,440,250,453,228,12,0,5,i_0008.jpg 
can,15,Helvetica,r,255,444,280,453,224,13,0,5,i_0008.jpg 
go,15,Helvetica,r,286,444,303,457,224,14,0,5,i_0008.jpg 
to,15,Helvetica,r,308,442,322,453,224,15,0,5,i_0008.jpg 
TopHatcom,18,Helvetica,b,327,438,447,458,221,16,0,5,i_0008.jpg 
or,15,Helvetica,r,453,444,468,453,225,17,0,5,i_0008.jpg 
use,15,Helvetica,r,473,444,497,453,224,18,0,5,i_0008.jpg 
our,15,Helvetica,r,184,469,209,478,224,19,0,6,i_0008.jpg 
mobile,15,Helvetica,r,215,465,265,478,223,20,0,6,i_0008.jpg 
apps,15,Helvetica,r,270,469,305,482,213,21,0,6,i_0008.jpg 
and,15,Helvetica,r,310,465,337,478,224,22,0,6,i_0008.jpg 
enter,15,Helvetica,r,343,467,381,478,225,23,0,6,i_0008.jpg 
this,15,Helvetica,r,386,465,412,478,224,24,0,6,i_0008.jpg 
join,15,Helvetica,r,416,466,444,482,223,25,0,6,i_0008.jpg 
code,15,Helvetica,r,449,465,484,478,225,26,0,6,i_0008.jpg 
to,15,Helvetica,r,489,467,504,478,225,27,0,6,i_0008.jpg 
participate,15,Helvetica,r,185,489,264,505,227,28,0,7,i_0008.jpg 
Take,11,Helvetica,b,719,399,746,409,225,31,3,10,i_0008.jpg 
Attendance,11,Helvetica,b,749,399,815,409,223,32,3,10,i_0008.jpg 
Cancel,11,Helvetica,r,720,446,758,456,210,34,3,11,i_0008.jpg 
Presentation,11,Helvetica,r,762,446,835,456,223,35,3,11,i_0008.jpg 
Enable,11,Helvetica,r,676,585,715,595,224,36,3,12,i_0008.jpg 
full,11,Helvetica,r,719,585,737,595,222,37,3,12,i_0008.jpg 
screen,11,Helvetica,r,740,588,778,595,227,38,3,12,i_0008.jpg 
mode,11,Helvetica,r,782,585,815,595,223,39,3,12,i_0008.jpg 
Always,11,Helvetica,r,675,619,715,632,213,40,3,13,i_0008.jpg 
show,11,Helvetica,r,719,619,749,629,223,41,3,13,i_0008.jpg 
this,11,Helvetica,r,752,619,774,629,223,42,3,13,i_0008.jpg 
screen,11,Helvetica,r,777,622,814,629,228,43,3,13,i_0008.jpg 
before,11,Helvetica,r,819,619,856,629,223,44,3,13,i_0008.jpg 
presenting,11,Helvetica,r,676,637,738,650,214,45,3,14,i_0008.jpg 
Always,11,Helvetica,r,675,665,715,678,225,46,3,15,i_0008.jpg 
show,11,Helvetica,b,719,665,749,675,223,47,3,15,i_0008.jpg 
control,11,Helvetica,b,752,665,794,675,218,48,3,15,i_0008.jpg 
bar,11,Helvetica,b,798,665,817,675,223,49,3,15,i_0008.jpg 
at,11,Helvetica,b,820,666,831,675,224,50,3,15,i_0008.jpg 
the,11,Helvetica,b,834,665,853,675,225,51,3,15,i_0008.jpg 
bottom,11,Helvetica,b,676,683,717,693,219,52,3,16,i_0008.jpg 
dii,11,Helvetica,b,861,743,872,753,31,58,6,21,i_0008.jpg 
Lsb,40,HelveticaCentury,r,241,729,290,766,188,63,8,24,i_0008.jpg 
ENDESC,11,TimesCentury,r,54,20,111,32,33,3,0,1,i_0010.jpg 
fl,33,HelveticaCentury,b,331,37,355,67,148,7,0,2,i_0010.jpg 
press,13,Helvetica,r,414,63,447,74,43,13,0,3,i_0010.jpg 
Esc,13,Helvetica,r,455,54,482,84,38,14,0,3,i_0010.jpg 
to,13,Times,r,495,64,509,74,207,16,0,3,i_0010.jpg 
exit,13,Times,r,513,63,537,74,183,17,0,3,i_0010.jpg 
full,13,Times,r,540,63,561,74,188,18,0,3,i_0010.jpg 
screen,13,Helvetica,r,565,66,607,74,201,19,0,3,i_0010.jpg 
pt,43,HelveticaCentury,b,147,121,193,168,198,23,0,4,i_0010.jpg 
Press,15,Helvetica,r,513,142,557,155,201,27,0,4,i_0010.jpg 
Esc,15,Helvetica,r,562,142,599,158,66,28,0,4,i_0010.jpg 
Key,16,Helvetica,b,605,142,634,159,200,29,0,4,i_0010.jpg 
to,16,Helvetica,b,639,143,656,155,209,30,0,4,i_0010.jpg 
exit,15,Helvetica,r,660,143,690,155,169,31,0,4,i_0010.jpg 
the,16,Helvetica,b,512,166,540,180,210,33,0,5,i_0010.jpg 
presentation,16,Helvetica,b,545,166,649,184,147,34,0,5,i_0010.jpg 
Eye,43,HelveticaCentury,b,151,304,236,352,212,37,0,7,i_0010.jpg 
on,43,HelveticaCentury,b,259,313,316,343,211,38,0,7,i_0010.jpg 
the,43,HelveticaCentury,b,340,303,419,342,212,39,0,7,i_0010.jpg 
Earth,43,HelveticaCentury,b,444,303,572,343,212,40,0,7,i_0010.jpg 
Give,43,HelveticaCentury,b,148,427,258,465,210,43,0,8,i_0010.jpg 
it,43,HelveticaCentury,b,283,427,311,465,206,44,0,8,i_0010.jpg 
some,43,HelveticaCentury,b,333,436,466,465,212,45,0,8,i_0010.jpg 
thought,43,HelveticaCentury,b,488,426,686,475,211,46,0,8,i_0010.jpg 
questions,43,HelveticaCentury,b,708,427,965,475,187,47,0,8,i_0010.jpg 
and,43,HelveticaCentury,b,254,487,341,527,213,51,0,9,i_0010.jpg 
ONLINE,43,HelveticaCentury,b,46,611,240,650,210,54,0,10,i_0010.jpg 
HOMEWORK,43,HelveticaCentury,b,265,611,575,650,213,55,0,10,i_0010.jpg 
on,43,HelveticaCentury,b,598,620,654,649,213,56,0,10,i_0010.jpg 
Blackboard,43,HelveticaCentury,b,681,610,955,650,211,57,0,10,i_0010.jpg 
Chapter,43,Century,r,46,119,247,168,207,0,0,0,i_0011.jpg 
and,43,Century,r,254,487,341,527,213,4,1,1,i_0011.jpg 
7Th,20,HelveticaCentury,r,5,708,56,729,85,6,2,2,i_0011.jpg 
An,43,Century,r,291,27,354,67,210,8,3,4,i_0011.jpg 
Concept,43,Century,r,149,181,353,229,212,11,5,6,i_0011.jpg 
checks,43,Century,r,375,180,543,220,212,12,5,6,i_0011.jpg 
arid,44,Century,r,566,180,655,219,116,13,5,6,i_0011.jpg 
quizzes,43,Century,r,679,182,863,229,191,14,5,6,i_0011.jpg 
Eye,43,Century,r,151,304,236,352,213,15,6,7,i_0011.jpg 
on,43,Century,r,259,313,316,343,212,16,6,7,i_0011.jpg 
the,43,Century,r,340,303,419,342,212,17,6,7,i_0011.jpg 
Earth,43,Century,r,444,303,572,343,213,18,6,7,i_0011.jpg 
Give,43,Century,r,148,427,258,465,209,21,8,9,i_0011.jpg 
it,43,Century,r,283,427,311,465,206,22,8,9,i_0011.jpg 
some,43,Century,r,333,436,466,465,212,23,8,9,i_0011.jpg 
thought,43,Century,r,488,425,686,475,212,24,8,9,i_0011.jpg 
questions,43,Century,r,708,427,965,475,199,25,8,9,i_0011.jpg 
ONLINE,43,Century,r,46,611,240,650,212,29,11,13,i_0011.jpg 
HOMEWORK,43,Century,r,265,611,575,650,214,30,11,13,i_0011.jpg 
on,43,Century,r,598,620,654,649,214,31,11,13,i_0011.jpg 
Blackboard,43,Century,r,681,609,955,650,210,32,11,13,i_0011.jpg 
Cha,44,HelveticaCentury,r,46,118,138,158,201,0,0,0,i_0012.jpg 
pter,44,HelveticaCentury,r,147,121,247,168,197,1,0,0,i_0012.jpg 
Announcements,44,HelveticaCentury,r,291,27,705,67,206,2,1,1,i_0012.jpg 
Concept,44,HelveticaCentury,r,149,181,353,229,212,4,2,3,i_0012.jpg 
checks,44,HelveticaCentury,r,375,180,543,220,212,5,2,3,i_0012.jpg 
arid,44,Times,r,566,180,654,220,181,6,2,3,i_0012.jpg 
quizzes,44,HelveticaCentury,r,679,182,863,229,201,7,2,3,i_0012.jpg 
Eye,44,HelveticaCentury,r,151,304,236,352,214,8,3,4,i_0012.jpg 
on,44,HelveticaCentury,r,259,313,316,343,214,9,3,4,i_0012.jpg 
the,44,HelveticaCentury,r,340,303,419,343,214,10,3,4,i_0012.jpg 
Earth,44,Times,r,444,303,572,343,213,11,3,4,i_0012.jpg 
Give,44,HelveticaCentury,r,148,427,258,465,206,15,6,7,i_0012.jpg 
it,44,HelveticaCentury,r,282,427,311,465,207,16,6,7,i_0012.jpg 
some,44,HelveticaCentury,r,333,436,466,465,212,17,6,7,i_0012.jpg 
thought,44,HelveticaCentury,r,488,425,686,475,213,18,6,7,i_0012.jpg 
questions,44,HelveticaCentury,r,708,427,965,475,185,19,6,7,i_0012.jpg 
and,44,HelveticaCentury,r,254,487,341,527,212,23,7,8,i_0012.jpg 
ONLINE,44,HelveticaCentury,r,46,611,240,650,212,25,8,9,i_0012.jpg 
HOMEWORK,44,HelveticaCentury,r,265,611,575,650,213,26,8,9,i_0012.jpg 
on,44,HelveticaCentury,r,598,620,654,649,214,27,8,9,i_0012.jpg 
Blackboard,44,HelveticaCentury,r,681,610,956,650,212,28,8,9,i_0012.jpg 
During,25,HelveticaCentury,b,23,49,141,86,206,0,0,0,i_0018.jpg 
your,25,HelveticaCentury,b,154,57,236,86,212,1,0,0,i_0018.jpg 
life,25,HelveticaCentury,b,251,47,313,85,201,2,0,0,i_0018.jpg 
you,25,HelveticaCentury,b,327,57,391,86,214,3,0,0,i_0018.jpg 
will,25,HelveticaCentury,b,407,47,465,79,206,4,0,0,i_0018.jpg 
use,25,HelveticaCentury,b,482,57,541,79,206,5,0,0,i_0018.jpg 
these,25,HelveticaCentury,b,555,47,653,79,211,6,0,0,i_0018.jpg 
geologic,25,HelveticaCentury,b,667,47,818,86,200,7,0,0,i_0018.jpg 
materials,25,HelveticaCentury,b,833,47,1000,79,193,8,0,0,i_0018.jpg 
petroleum,16,Helvetica,r,652,199,742,217,185,12,0,2,i_0018.jpg 
kg,15,Times,b,715,443,735,461,204,16,0,4,i_0018.jpg 
cement,17,Helvetica,r,661,469,726,482,182,17,0,5,i_0018.jpg 
kg,16,Helvetica,r,705,514,723,533,203,19,0,6,i_0018.jpg 
clays,17,Helvetica,r,651,539,693,557,158,21,0,7,i_0018.jpg 
kgl,16,Helvetica,r,715,576,746,608,30,23,0,8,i_0018.jpg 
salt,16,Helvetica,r,679,611,708,627,189,25,0,9,i_0018.jpg 
million,21,HelveticaCentury,b,195,703,273,721,184,27,0,10,i_0018.jpg 
kg,21,HelveticaCentury,b,283,703,308,726,211,28,0,10,i_0018.jpg 
of,21,HelveticaCentury,b,316,703,338,722,210,29,0,10,i_0018.jpg 
metals,21,HelveticaCentury,b,347,704,431,725,199,30,0,10,i_0018.jpg 
minerals,21,HelveticaCentury,b,440,704,538,722,189,31,0,10,i_0018.jpg 
and,21,HelveticaCentury,b,546,704,588,722,210,32,0,10,i_0018.jpg 
fuels,21,HelveticaCentury,b,597,704,652,722,205,33,0,10,i_0018.jpg 
in,21,HelveticaCentury,b,661,704,680,721,206,34,0,10,i_0018.jpg 
single,21,HelveticaCentury,b,709,702,775,726,171,36,0,10,i_0018.jpg 
lifetime,21,HelveticaCentury,b,784,704,872,722,197,37,0,10,i_0018.jpg 
kg,16,Helvetica,r,493,143,511,161,199,39,1,11,i_0018.jpg 
Stone,16,Helvetica,r,417,168,472,185,60,40,1,12,i_0018.jpg 
sand,16,Helvetica,r,479,168,518,182,199,41,1,12,i_0018.jpg 
gravel,16,Helvetica,r,544,167,597,185,196,43,1,12,i_0018.jpg 
400kg,16,Helvetica,r,320,184,376,202,131,44,1,13,i_0018.jpg 
Cu,16,Helvetica,r,325,209,345,223,196,45,1,14,i_0018.jpg 
kg,16,Helvetica,r,358,252,376,271,212,47,1,15,i_0018.jpg 
Pb,16,Helvetica,r,338,277,359,291,196,48,1,16,i_0018.jpg 
kgZn,16,Helvetica,r,331,320,376,339,71,50,1,17,i_0018.jpg 
millon,16,Helvetica,r,694,247,752,263,42,53,2,18,i_0018.jpg 
m3,16,Helvetica,r,760,247,783,263,31,54,2,18,i_0018.jpg 
Natural,16,Helvetica,r,652,272,716,287,161,55,2,19,i_0018.jpg 
gas1,16,Helvetica,r,721,276,751,290,196,56,2,19,i_0018.jpg 
kg,16,Helvetica,r,357,366,375,383,199,58,3,20,i_0018.jpg 
F0,15,Times,b,326,390,345,404,143,59,3,21,i_0018.jpg 
kg,15,Helvetica,r,357,501,375,519,206,61,4,22,i_0018.jpg 
Al,16,Helvetica,r,331,526,348,540,194,62,4,23,i_0018.jpg 
E176,28,HelveticaCentury,r,260,557,308,592,37,63,4,24,i_0018.jpg 
Troy,16,Helvetica,r,314,570,352,587,57,64,4,24,i_0018.jpg 
ox,16,Helvetica,r,359,573,376,584,117,65,4,24,i_0018.jpg 
LAU,20,HelveticaCentury,b,260,592,335,619,98,66,4,25,i_0018.jpg 
kg,16,Helvetica,r,469,628,489,647,210,69,5,26,i_0018.jpg 
other,16,Helvetica,r,406,653,453,668,204,70,5,27,i_0018.jpg 
m4nerals,16,Helvetica,r,459,653,533,668,44,71,5,27,i_0018.jpg 
metals,16,Helvetica,r,559,654,617,667,192,73,5,27,i_0018.jpg 
From,20,HelveticaCentury,r,539,740,594,757,211,74,6,28,i_0018.jpg 
Kyser,20,HelveticaCentury,r,606,740,668,761,197,75,6,28,i_0018.jpg 
et,20,HelveticaCentury,r,677,741,698,757,202,76,6,28,i_0018.jpg 
al,20,HelveticaCentury,r,707,739,732,757,68,77,6,28,i_0018.jpg 
Elements,20,HelveticaCentury,r,744,739,853,761,195,78,6,28,i_0018.jpg 
August,20,HelveticaCentury,r,864,740,942,761,210,79,6,28,i_0018.jpg 
Crystal,37,HelveticaCentury,b,359,22,524,75,212,0,0,0,i_0019.jpg 
Form,37,HelveticaCentury,b,548,25,672,65,212,1,0,0,i_0019.jpg 
Although,22,HelveticaCentury,b,122,536,216,561,208,4,3,3,i_0019.jpg 
most,22,HelveticaCentury,b,226,539,277,556,210,5,3,3,i_0019.jpg 
minerals,22,HelveticaCentury,b,287,536,379,556,209,6,3,3,i_0019.jpg 
exhibit,22,HelveticaCentury,b,123,568,195,588,208,7,3,4,i_0019.jpg 
only,22,HelveticaCentury,b,204,569,249,593,210,8,3,4,i_0019.jpg 
one,22,HelveticaCentury,b,258,574,295,588,211,9,3,4,i_0019.jpg 
common,22,HelveticaCentury,b,306,574,395,588,210,10,3,4,i_0019.jpg 
crystal,22,HelveticaCentury,b,123,602,193,626,209,11,3,5,i_0019.jpg 
shape,22,HelveticaCentury,b,204,602,274,626,201,12,3,5,i_0019.jpg 
some,22,HelveticaCentury,b,285,607,347,625,201,13,3,5,i_0019.jpg 
such,22,HelveticaCentury,b,358,602,407,621,209,14,3,5,i_0019.jpg 
as,22,HelveticaCentury,b,122,639,145,654,212,15,3,6,i_0019.jpg 
pyrite,22,HelveticaCentury,b,155,633,222,659,189,16,3,6,i_0019.jpg 
have,22,HelveticaCentury,b,232,634,282,654,210,17,3,6,i_0019.jpg 
two,22,HelveticaCentury,b,292,636,328,654,210,18,3,6,i_0019.jpg 
or,22,HelveticaCentury,b,339,639,359,654,211,19,3,6,i_0019.jpg 
more,22,HelveticaCentury,b,368,639,421,654,210,20,3,6,i_0019.jpg 
characteristic,22,HelveticaCentury,b,123,665,273,686,205,21,3,7,i_0019.jpg 
habits,22,HelveticaCentury,b,283,665,354,686,201,22,3,7,i_0019.jpg 
Dennis,16,Helvetica,b,664,694,715,709,63,23,4,8,i_0019.jpg 
Tasa,16,Helvetica,r,721,694,753,709,109,24,4,8,i_0019.jpg 
Cleavage,46,HelveticaCentury,b,405,22,626,75,201,0,0,0,i_0020.jpg 
Weak,20,HelveticaCentury,b,767,607,820,624,202,1,1,1,i_0020.jpg 
bonds,20,HelveticaCentury,b,768,628,827,646,196,2,1,2,i_0020.jpg 
Figure,29,HelveticaCentury,b,795,727,912,760,210,3,1,3,i_0020.jpg 
Knife,20,HelveticaCentury,b,244,623,292,641,55,6,3,5,i_0020.jpg 
blade,20,HelveticaCentury,b,302,623,354,641,210,7,3,5,i_0020.jpg 
Strong,20,HelveticaCentury,b,436,709,499,731,210,10,6,8,i_0020.jpg 
bonds,20,HelveticaCentury,b,508,709,567,727,210,11,6,8,i_0020.jpg 
Common,42,HelveticaCentury,bi,169,55,375,92,212,0,0,0,i_0021.jpg 
Cleavage,42,HelveticaCentury,bi,392,53,605,102,210,1,0,0,i_0021.jpg 
Directions,42,HelveticaCentury,bi,620,54,855,92,206,2,0,0,i_0021.jpg 
Cleavage,12,Helvetica,b,110,332,160,345,114,4,1,1,i_0021.jpg 
one,12,Helvetica,r,181,335,200,343,199,6,1,1,i_0021.jpg 
direction,12,Helvetica,b,205,333,258,343,162,7,1,1,i_0021.jpg 
Cleavage,12,Helvetica,r,73,552,125,566,150,11,2,3,i_0021.jpg 
In,12,Helvetica,b,130,553,139,563,45,12,2,3,i_0021.jpg 
three,12,Helvetica,r,144,553,172,563,193,13,2,3,i_0021.jpg 
directions,12,Helvetica,r,177,553,233,563,106,14,2,3,i_0021.jpg 
at,12,Helvetica,r,238,554,248,563,137,15,2,3,i_0021.jpg 
9Gb,9,Helvetica,r,252,552,272,563,68,16,2,3,i_0021.jpg 
angles,12,Helvetica,b,277,553,317,566,179,17,2,3,i_0021.jpg 
Cleavage,12,Helvetica,b,410,332,461,345,159,21,3,5,i_0021.jpg 
in,12,Helvetica,b,466,332,476,343,201,22,3,5,i_0021.jpg 
two,12,Helvetica,r,480,334,500,343,189,23,3,5,i_0021.jpg 
directions,12,Helvetica,b,504,333,560,343,168,24,3,5,i_0021.jpg 
at,12,Helvetica,b,565,334,575,343,199,25,3,5,i_0021.jpg 
angles,12,Helvetica,b,604,333,644,345,150,27,3,5,i_0021.jpg 
ftr7ipa,9,Times,r,468,347,516,360,24,29,3,6,i_0021.jpg 
Cleavage,12,Helvetica,b,401,553,452,566,188,31,3,7,i_0021.jpg 
In,12,Helvetica,b,457,553,467,563,51,32,3,7,i_0021.jpg 
three,12,Helvetica,b,472,553,500,563,196,33,3,7,i_0021.jpg 
directions,12,Helvetica,r,505,553,560,563,68,34,3,7,i_0021.jpg 
not,12,Helvetica,b,566,554,582,563,186,35,3,7,i_0021.jpg 
at,12,Helvetica,r,587,554,597,563,166,36,3,7,i_0021.jpg 
angles,12,Helvetica,r,626,553,666,566,194,38,3,7,i_0021.jpg 
Calc3le,11,Helvetica,r,459,568,498,579,37,40,3,8,i_0021.jpg 
Cleavage,12,TimesCentury,b,781,552,832,566,191,42,4,9,i_0021.jpg 
In,12,Helvetica,b,837,552,846,563,111,43,4,9,i_0021.jpg 
four,12,Helvetica,r,851,553,873,563,191,44,4,9,i_0021.jpg 
directions,12,Helvetica,b,878,553,936,563,104,45,4,9,i_0021.jpg 
t1411jAe,12,Helvetica,b,784,568,833,580,25,46,4,10,i_0021.jpg 
ci,17,Helvetica,r,427,201,442,216,21,48,5,11,i_0021.jpg 
Fracture,12,Helvetica,r,360,275,407,287,191,51,5,13,i_0021.jpg 
Cleavage,12,Helvetica,b,713,332,764,345,173,57,7,16,i_0021.jpg 
in,12,Helvetica,b,769,332,779,343,189,58,7,16,i_0021.jpg 
two,11,Helvetica,r,784,334,803,343,210,59,7,16,i_0021.jpg 
directions,12,Helvetica,b,808,332,864,343,69,60,7,16,i_0021.jpg 
not,12,Helvetica,b,869,334,885,343,198,61,7,16,i_0021.jpg 
at,12,Helvetica,b,890,334,900,343,207,62,7,16,i_0021.jpg 
angles,12,Helvetica,b,929,333,969,345,188,64,7,16,i_0021.jpg 
Hor,11,Helvetica,r,771,349,790,359,36,66,7,17,i_0021.jpg 
Mineral,42,HelveticaCentury,r,86,12,257,51,210,0,0,0,i_0031.jpg 
Structures,42,HelveticaCentury,r,276,15,510,51,212,1,0,0,i_0031.jpg 
and,42,HelveticaCentury,r,528,12,608,51,213,2,0,0,i_0031.jpg 
Compositions,42,HelveticaCentury,r,628,14,937,61,212,3,0,0,i_0031.jpg 
Crystals,17,Helvetica,r,149,647,215,665,205,6,2,2,i_0031.jpg 
of,17,Helvetica,r,223,647,237,662,210,7,2,2,i_0031.jpg 
the,17,Helvetica,r,244,647,269,662,209,8,2,2,i_0031.jpg 
mineral,17,Helvetica,r,277,646,338,662,205,9,2,2,i_0031.jpg 
halite,17,Helvetica,r,346,646,398,662,201,10,2,2,i_0031.jpg 
Collection,17,Helvetica,r,613,648,696,663,208,12,3,3,i_0031.jpg 
of,17,Helvetica,r,704,648,719,663,209,13,3,3,i_0031.jpg 
basic,17,Helvetica,r,726,647,770,663,180,14,3,3,i_0031.jpg 
building,17,Helvetica,r,778,647,845,667,203,15,3,3,i_0031.jpg 
blocks,17,Helvetica,r,614,671,668,686,210,16,3,4,i_0031.jpg 
crystal,17,Helvetica,r,675,671,750,689,170,17,3,4,i_0031.jpg 
Sodium,17,Helvetica,r,192,280,252,296,196,19,4,5,i_0031.jpg 
and,17,Helvetica,r,259,281,288,296,210,20,4,5,i_0031.jpg 
chlorine,17,Helvetica,r,296,280,362,296,207,21,4,5,i_0031.jpg 
ions,17,Helvetica,r,370,280,407,296,198,22,4,5,i_0031.jpg 
Basic,17,Helvetica,r,724,144,768,159,202,24,5,6,i_0031.jpg 
building,17,Helvetica,r,776,144,843,163,206,25,5,6,i_0031.jpg 
block,17,Helvetica,r,724,167,768,182,205,26,5,7,i_0031.jpg 
of,17,Helvetica,r,776,167,791,182,208,27,5,7,i_0031.jpg 
the,17,Helvetica,r,797,167,822,182,211,28,5,7,i_0031.jpg 
mineral,17,Helvetica,r,724,190,785,205,210,29,5,8,i_0031.jpg 
halite,17,Helvetica,r,793,190,844,205,206,30,5,8,i_0031.jpg 
Mineral,46,HelveticaCentury,r,318,46,506,89,205,0,0,0,i_0032.jpg 
Structures,46,HelveticaCentury,r,527,48,784,89,212,1,0,0,i_0032.jpg 
The,24,HelveticaCentury,r,597,137,637,158,211,2,0,1,i_0032.jpg 
carbon,24,HelveticaCentury,r,648,137,726,158,209,3,0,1,i_0032.jpg 
atoms,24,HelveticaCentury,r,737,139,805,158,210,4,0,1,i_0032.jpg 
in,24,HelveticaCentury,r,816,136,835,158,199,5,0,1,i_0032.jpg 
diamonds,24,HelveticaCentury,r,846,136,889,158,206,6,0,1,i_0032.jpg 
are,24,HelveticaCentury,r,725,174,760,190,211,7,0,2,i_0032.jpg 
covalently,24,HelveticaCentury,r,771,169,890,195,100,8,0,2,i_0032.jpg 
bonded,24,HelveticaCentury,r,616,201,698,222,212,9,0,3,i_0032.jpg 
into,24,HelveticaCentury,r,710,200,751,222,211,10,0,3,i_0032.jpg 
compact,24,HelveticaCentury,r,784,202,888,226,201,12,0,3,i_0032.jpg 
threedimensional,24,HelveticaCentury,r,593,232,804,253,201,13,0,4,i_0032.jpg 
framework,24,HelveticaCentury,r,814,232,889,253,210,14,0,4,i_0032.jpg 
which,24,HelveticaCentury,r,622,264,690,285,212,15,0,5,i_0032.jpg 
accounts,24,HelveticaCentury,r,701,266,805,285,210,16,0,5,i_0032.jpg 
for,24,HelveticaCentury,r,814,264,845,285,212,17,0,5,i_0032.jpg 
the,24,HelveticaCentury,r,854,264,889,285,212,18,0,5,i_0032.jpg 
extreme,24,HelveticaCentury,r,609,297,699,317,211,19,0,6,i_0032.jpg 
hardness,24,HelveticaCentury,r,711,296,814,317,212,20,0,6,i_0032.jpg 
of,24,HelveticaCentury,r,825,296,846,317,213,21,0,6,i_0032.jpg 
the,24,HelveticaCentury,r,854,296,889,317,213,22,0,6,i_0032.jpg 
Figure,29,HelveticaCentury,r,795,728,912,761,210,24,1,8,i_0032.jpg 
Carbon,24,HelveticaCentury,r,189,596,273,618,205,26,2,9,i_0032.jpg 
atoms,24,HelveticaCentury,r,189,626,260,646,206,27,2,10,i_0032.jpg 
Diamond,24,HelveticaCentury,r,170,674,268,696,195,29,2,11,i_0032.jpg 
Two,49,HelveticaCentury,i,120,19,245,61,213,0,0,0,i_0033.jpg 
versions,49,HelveticaCentury,i,271,17,536,61,210,1,0,0,i_0033.jpg 
of,49,HelveticaCentury,i,558,17,626,61,213,2,0,0,i_0033.jpg 
the,49,HelveticaCentury,i,642,17,741,61,212,3,0,0,i_0033.jpg 
Si,49,HelveticaCentury,i,762,17,823,61,202,4,0,0,i_0033.jpg 
tetrahedron,49,HelveticaCentury,i,325,86,700,130,212,6,0,1,i_0033.jpg 
Expanded,30,HelveticaCentury,r,545,607,683,640,210,8,1,2,i_0033.jpg 
view,30,HelveticaCentury,r,696,606,762,633,202,9,1,2,i_0033.jpg 
of,30,HelveticaCentury,r,775,607,801,633,210,10,1,2,i_0033.jpg 
siliconoxygen,30,HelveticaCentury,r,545,646,757,680,193,11,1,3,i_0033.jpg 
tetrahedron,30,HelveticaCentury,r,544,687,711,713,202,12,1,4,i_0033.jpg 
Figure,24,HelveticaCentury,r,833,734,931,761,209,13,2,5,i_0033.jpg 
sbA,49,HelveticaCentury,r,185,573,277,619,21,17,5,8,i_0033.jpg 
Siliconoxygen,35,HelveticaCentury,r,88,638,342,678,201,18,5,9,i_0033.jpg 
tetrahedron,35,HelveticaCentury,r,87,687,284,717,205,19,5,10,i_0033.jpg 
Fall,42,HelveticaCentury,b,287,5,361,44,199,0,0,0,i_0034.jpg 
Field,42,HelveticaCentury,b,510,5,615,44,209,2,0,0,i_0034.jpg 
trips,42,HelveticaCentury,b,632,6,737,54,206,3,0,0,i_0034.jpg 
On,24,HelveticaCentury,bi,29,65,79,86,126,4,0,1,i_0034.jpg 
Campus,24,HelveticaCentury,bi,89,65,199,92,211,5,0,1,i_0034.jpg 
field,24,HelveticaCentury,r,208,65,257,86,209,6,0,1,i_0034.jpg 
trips,24,HelveticaCentury,r,268,65,320,91,206,7,0,1,i_0034.jpg 
to,24,HelveticaCentury,r,330,66,352,86,210,8,0,1,i_0034.jpg 
see,24,HelveticaCentury,r,362,71,405,86,212,9,0,1,i_0034.jpg 
building,24,HelveticaCentury,r,416,65,510,92,204,10,0,1,i_0034.jpg 
stones,24,HelveticaCentury,r,522,66,609,86,201,11,0,1,i_0034.jpg 
Oct,24,HelveticaCentury,r,621,65,669,86,193,12,0,1,i_0034.jpg 
and,24,HelveticaCentury,r,730,65,774,86,211,14,0,1,i_0034.jpg 
Oct,24,HelveticaCentury,r,785,65,833,86,191,15,0,1,i_0034.jpg 
These,24,HelveticaCentury,r,918,65,994,86,212,17,0,1,i_0034.jpg 
are,24,HelveticaCentury,r,27,94,66,110,209,18,0,2,i_0034.jpg 
hour,24,HelveticaCentury,r,101,89,156,110,212,20,0,2,i_0034.jpg 
long,24,HelveticaCentury,r,166,89,215,116,212,21,0,2,i_0034.jpg 
and,24,HelveticaCentury,r,226,89,271,110,211,22,0,2,i_0034.jpg 
led,24,HelveticaCentury,r,283,89,317,110,213,23,0,2,i_0034.jpg 
by,24,HelveticaCentury,r,329,89,355,116,212,24,0,2,i_0034.jpg 
TAs,24,HelveticaCentury,r,366,89,414,110,189,25,0,2,i_0034.jpg 
trips,24,HelveticaCentury,r,472,90,525,115,205,27,0,2,i_0034.jpg 
available,24,HelveticaCentury,r,535,89,654,115,207,28,0,2,i_0034.jpg 
Off,24,HelveticaCentury,bi,29,154,84,175,116,29,0,3,i_0034.jpg 
Campus,24,HelveticaCentury,bi,91,154,200,180,213,30,0,3,i_0034.jpg 
field,24,HelveticaCentury,r,209,154,259,175,205,31,0,3,i_0034.jpg 
trips,24,HelveticaCentury,r,270,154,321,180,206,32,0,3,i_0034.jpg 
to,24,HelveticaCentury,r,331,155,353,175,213,33,0,3,i_0034.jpg 
Central,24,HelveticaCentury,r,364,154,452,175,211,34,0,3,i_0034.jpg 
Texas,24,HelveticaCentury,r,463,154,538,175,204,35,0,3,i_0034.jpg 
or,24,HelveticaCentury,r,548,159,573,175,213,36,0,3,i_0034.jpg 
Galveston,24,HelveticaCentury,r,582,154,706,175,205,37,0,3,i_0034.jpg 
Saturdays,24,HelveticaCentury,r,742,154,873,181,181,39,0,3,i_0034.jpg 
all,24,HelveticaCentury,r,885,154,911,175,200,40,0,3,i_0034.jpg 
day,24,HelveticaCentury,r,921,154,964,181,212,41,0,3,i_0034.jpg 
Central,23,HelveticaCentury,bi,112,186,202,207,210,43,0,4,i_0034.jpg 
Texas,23,HelveticaCentury,bi,213,186,287,207,206,44,0,4,i_0034.jpg 
Oct,23,HelveticaCentury,bi,321,186,367,207,194,46,0,4,i_0034.jpg 
Dr,23,HelveticaCentury,bi,420,186,461,212,198,48,0,4,i_0034.jpg 
Snow,23,HelveticaCentury,bi,475,186,560,212,186,49,0,4,i_0034.jpg 
Nov,23,HelveticaCentury,bi,571,186,624,207,196,50,0,4,i_0034.jpg 
Drs,23,HelveticaCentury,bi,662,186,717,212,164,52,0,4,i_0034.jpg 
CannonCasey,23,HelveticaCentury,bi,731,186,924,213,195,53,0,4,i_0034.jpg 
Galveston,23,HelveticaCentury,bi,112,219,236,240,197,55,0,5,i_0034.jpg 
Oct,23,HelveticaCentury,bi,272,219,318,240,175,57,0,5,i_0034.jpg 
Dr,23,HelveticaCentury,bi,371,219,412,245,202,59,0,5,i_0034.jpg 
Lytwyn,23,HelveticaCentury,bi,425,219,526,245,77,60,0,5,i_0034.jpg 
Oct,23,HelveticaCentury,bi,541,219,586,240,196,61,0,5,i_0034.jpg 
Dr,23,HelveticaCentury,bi,640,219,681,245,204,63,0,5,i_0034.jpg 
FL,23,HelveticaCentury,bi,694,219,739,245,20,64,0,5,i_0034.jpg 
Nov,23,HelveticaCentury,bi,752,219,806,240,190,65,0,5,i_0034.jpg 
Dr,23,HelveticaCentury,bi,859,219,900,245,204,67,0,5,i_0034.jpg 
Sisson,23,HelveticaCentury,bi,914,219,1005,245,98,68,0,5,i_0034.jpg 
Houston,24,HelveticaCentury,bi,29,284,154,304,115,69,0,6,i_0034.jpg 
Museum,24,HelveticaCentury,bi,164,284,277,304,209,70,0,6,i_0034.jpg 
of,24,HelveticaCentury,bi,288,284,316,304,209,71,0,6,i_0034.jpg 
Natural,24,HelveticaCentury,bi,322,284,420,304,209,72,0,6,i_0034.jpg 
Science,24,HelveticaCentury,bi,428,284,539,309,199,73,0,6,i_0034.jpg 
Thursday,24,HelveticaCentury,r,551,284,667,310,201,74,0,6,i_0034.jpg 
afternoons,24,HelveticaCentury,r,678,283,810,304,211,75,0,6,i_0034.jpg 
from,24,HelveticaCentury,r,820,283,874,304,213,76,0,6,i_0034.jpg 
200pm,24,HelveticaCentury,r,884,284,987,310,180,77,0,6,i_0034.jpg 
500pm,24,HelveticaCentury,r,28,308,120,334,201,78,0,7,i_0034.jpg 
on,24,HelveticaCentury,r,130,313,158,328,211,79,0,7,i_0034.jpg 
and,24,HelveticaCentury,r,573,308,617,328,213,85,0,7,i_0034.jpg 
Sign,21,HelveticaCentury,b,27,380,74,404,202,87,1,8,i_0034.jpg 
up,21,HelveticaCentury,b,84,386,111,404,210,88,1,8,i_0034.jpg 
here,21,HelveticaCentury,b,120,380,171,399,210,89,1,8,i_0034.jpg 
httpwwwgeoscuheduundergraduatefieldtripsindexphp,21,HelveticaCentury,b,182,379,910,404,33,90,1,8,i_0034.jpg 
On,13,Helvetica,r,49,746,67,758,210,94,3,10,i_0034.jpg 
top,13,Helvetica,r,73,747,95,760,210,95,3,10,i_0034.jpg 
of,13,Helvetica,r,100,745,114,757,211,96,3,10,i_0034.jpg 
Enchanted,13,Helvetica,r,119,745,191,757,210,97,3,10,i_0034.jpg 
Rock,13,Helvetica,r,197,745,228,757,209,98,3,10,i_0034.jpg 
pluton,13,Helvetica,r,234,745,277,760,99,99,3,10,i_0034.jpg 
showing,13,Helvetica,r,283,745,339,760,207,100,3,10,i_0034.jpg 
fold,13,Helvetica,r,344,745,369,757,210,101,3,10,i_0034.jpg 
directions,13,Helvetica,r,375,746,442,757,203,102,3,10,i_0034.jpg 
Rhodonite,13,Helvetica,r,542,745,613,757,188,103,4,11,i_0034.jpg 
at,13,Helvetica,r,618,747,631,757,212,104,4,11,i_0034.jpg 
HMNS,13,Helvetica,r,636,746,679,757,126,105,4,11,i_0034.jpg 
Limestone,13,Helvetica,r,769,746,839,757,210,106,5,12,i_0034.jpg 
on,13,Helvetica,r,844,749,860,757,212,107,5,12,i_0034.jpg 
Cullen,13,Helvetica,r,866,745,907,757,149,108,5,12,i_0034.jpg 
Building,13,Helvetica,r,913,745,967,760,194,109,5,12,i_0034.jpg 
Where,46,HelveticaCentury,b,145,30,312,73,207,0,0,0,i_0156.jpg 
do,46,HelveticaCentury,b,333,30,392,73,212,1,0,0,i_0156.jpg 
trot,16,Helvetica,b,349,616,375,631,164,2,1,1,i_0156.jpg 
ou,46,HelveticaCentury,b,440,43,499,73,177,7,5,6,i_0156.jpg 
fInd,48,Times,b,519,30,612,81,70,8,5,6,i_0156.jpg 
minerals,46,HelveticaCentury,b,629,30,876,82,101,9,5,6,i_0156.jpg 
rP,12,Helvetica,b,620,119,636,135,37,10,6,7,i_0156.jpg 
More,39,HelveticaCentury,b,354,25,473,61,208,0,0,0,i_0222.jpg 
minerals,39,HelveticaCentury,b,493,22,701,61,204,1,0,0,i_0222.jpg 
more,43,HelveticaCentury,r,417,26,571,54,197,0,0,0,i_0275.jpg 
IJL,41,HelveticaCentury,r,291,982,376,1023,47,2,2,2,i_0347.jpg 
Independent,48,HelveticaCentury,r,154,39,445,92,160,1,0,0,i_0391.jpg 
tetra,48,HelveticaCentury,r,143,106,249,145,188,2,1,1,i_0391.jpg 
hedra,48,HelveticaCentury,r,256,103,385,145,186,3,1,1,i_0391.jpg 
Identifying,46,HelveticaCentury,r,482,127,751,176,100,4,2,2,i_0391.jpg 
features,46,HelveticaCentury,r,776,127,999,167,204,5,2,2,i_0391.jpg 
NO,35,HelveticaCentury,r,482,227,537,258,213,6,2,3,i_0391.jpg 
cleavage,35,HelveticaCentury,r,556,227,727,266,211,7,2,3,i_0391.jpg 
Hardness,35,HelveticaCentury,r,482,275,663,306,206,8,3,4,i_0391.jpg 
Top,46,HelveticaCentury,r,136,372,221,425,213,9,4,5,i_0391.jpg 
view,46,HelveticaCentury,r,240,372,345,415,213,10,4,5,i_0391.jpg 
Color,35,HelveticaCentury,r,481,322,583,353,210,13,7,8,i_0391.jpg 
variable,35,HelveticaCentury,r,598,322,753,353,207,14,7,8,i_0391.jpg 
No,35,HelveticaCentury,r,482,372,530,401,214,15,7,9,i_0391.jpg 
special,35,HelveticaCentury,r,549,370,679,409,212,16,7,9,i_0391.jpg 
properties,35,HelveticaCentury,r,700,371,897,409,212,17,7,9,i_0391.jpg 
Luster,35,HelveticaCentury,r,482,419,603,449,212,18,7,10,i_0391.jpg 
vitreous,35,HelveticaCentury,r,618,419,776,449,195,19,7,10,i_0391.jpg 
Bottom,46,HelveticaCentury,r,95,668,262,711,213,20,8,11,i_0391.jpg 
view,46,HelveticaCentury,r,285,668,390,710,213,21,8,11,i_0391.jpg 
Independent,21,HelveticaCentury,r,180,40,306,63,136,0,0,0,i_0417.jpg 
tetrahedra,21,HelveticaCentury,r,314,40,426,62,199,1,0,0,i_0417.jpg 
which,21,HelveticaCentury,r,436,39,495,58,203,2,0,0,i_0417.jpg 
have,21,HelveticaCentury,r,505,40,552,59,210,3,0,0,i_0417.jpg 
an,21,HelveticaCentury,r,561,44,584,58,211,4,0,0,i_0417.jpg 
overall,21,HelveticaCentury,r,594,40,663,59,209,5,0,0,i_0417.jpg 
negative,21,HelveticaCentury,r,673,40,759,63,190,6,0,0,i_0417.jpg 
charge,21,HelveticaCentury,r,768,40,845,63,204,7,0,0,i_0417.jpg 
form,21,HelveticaCentury,r,179,68,223,87,210,8,0,1,i_0417.jpg 
bonds,21,HelveticaCentury,r,233,68,293,87,210,9,0,1,i_0417.jpg 
not,21,HelveticaCentury,r,302,68,341,89,206,10,0,1,i_0417.jpg 
shown,21,HelveticaCentury,r,350,68,423,89,207,11,0,1,i_0417.jpg 
with,21,HelveticaCentury,r,432,67,473,87,208,12,0,1,i_0417.jpg 
positively,21,HelveticaCentury,r,483,67,581,91,202,13,0,1,i_0417.jpg 
charged,21,HelveticaCentury,r,590,68,671,91,209,14,0,1,i_0417.jpg 
metallic,21,HelveticaCentury,r,681,67,763,87,201,15,0,1,i_0417.jpg 
ions,21,HelveticaCentury,r,773,67,814,87,211,16,0,1,i_0417.jpg 
green,21,HelveticaCentury,r,179,96,253,119,209,17,0,2,i_0417.jpg 
to,21,HelveticaCentury,r,262,98,280,115,212,18,0,2,i_0417.jpg 
form,21,HelveticaCentury,r,289,96,333,115,212,19,0,2,i_0417.jpg 
stable,21,HelveticaCentury,r,363,96,424,115,210,21,0,2,i_0417.jpg 
chemical,21,HelveticaCentury,r,433,96,526,115,210,22,0,2,i_0417.jpg 
compound,21,HelveticaCentury,r,536,96,647,120,201,23,0,2,i_0417.jpg 
Independent,21,HelveticaCentury,r,210,136,344,159,157,24,0,3,i_0417.jpg 
tetrahedra,21,HelveticaCentury,r,352,136,460,155,198,25,0,3,i_0417.jpg 
Si0441,21,HelveticaCentury,r,299,164,370,191,26,26,0,4,i_0417.jpg 
Positive,21,HelveticaCentury,r,549,155,628,174,208,32,1,10,i_0417.jpg 
ions,21,HelveticaCentury,r,637,155,679,174,210,33,1,10,i_0417.jpg 
Fe21,21,HelveticaCentury,r,626,182,675,204,30,35,1,11,i_0417.jpg 
Silicate,50,HelveticaCentury,r,112,40,302,86,205,0,0,0,i_0435.jpg 
Structures,50,HelveticaCentury,r,323,42,620,86,206,1,0,0,i_0435.jpg 
Independent,50,HelveticaCentury,r,646,40,995,98,199,2,1,1,i_0435.jpg 
Tetrahedron,50,HelveticaCentury,r,380,121,723,168,208,3,2,2,i_0435.jpg 
MineralFormula,14,Helvetica,b,78,236,218,249,183,4,3,3,i_0435.jpg 
Cleavage,14,Helvetica,b,324,236,402,253,104,5,4,4,i_0435.jpg 
Silicate,14,Helvetica,b,519,236,582,250,207,6,5,5,i_0435.jpg 
Structure,14,Helvetica,b,588,236,667,250,209,7,5,5,i_0435.jpg 
None,13,Times,r,344,341,381,352,204,8,6,6,i_0435.jpg 
Cations,35,HelveticaCentury,r,88,458,233,488,45,11,6,8,i_0435.jpg 
link,35,HelveticaCentury,r,252,457,318,488,206,12,6,8,i_0435.jpg 
individual,35,HelveticaCentury,r,336,457,521,488,177,13,6,8,i_0435.jpg 
tetrahedra,35,HelveticaCentury,r,540,457,745,488,195,14,6,8,i_0435.jpg 
in,35,HelveticaCentury,r,89,507,119,536,211,15,6,9,i_0435.jpg 
the,35,Century,r,138,505,199,536,211,16,6,9,i_0435.jpg 
crystal,35,Century,r,217,505,344,544,206,17,6,9,i_0435.jpg 
structure,35,Century,r,363,508,540,536,212,18,6,9,i_0435.jpg 
Mostly,35,HelveticaCentury,r,90,577,213,615,209,19,6,10,i_0435.jpg 
found,35,HelveticaCentury,r,230,577,338,608,198,20,6,10,i_0435.jpg 
in,35,HelveticaCentury,r,359,578,389,607,178,21,6,10,i_0435.jpg 
igneous,35,HelveticaCentury,r,409,578,559,616,196,22,6,10,i_0435.jpg 
rocks,35,HelveticaCentury,r,578,577,690,608,201,23,6,10,i_0435.jpg 
Earths,35,HelveticaCentury,r,90,625,223,656,202,24,6,11,i_0435.jpg 
mantle,35,HelveticaCentury,r,242,625,375,656,212,25,6,11,i_0435.jpg 
is,35,HelveticaCentury,r,394,626,420,655,213,26,6,11,i_0435.jpg 
predominantly,35,HelveticaCentury,r,440,625,723,663,204,27,6,11,i_0435.jpg 
olivine,35,HelveticaCentury,r,88,672,225,703,96,28,6,12,i_0435.jpg 
Gemstone,35,HelveticaCentury,r,246,673,444,703,213,29,6,12,i_0435.jpg 
peridot,35,HelveticaCentury,r,511,672,647,711,211,31,6,12,i_0435.jpg 
birthstone,35,HelveticaCentury,r,90,720,287,751,213,32,6,13,i_0435.jpg 
for,35,HelveticaCentury,r,304,720,358,751,206,33,6,13,i_0435.jpg 
August,35,HelveticaCentury,r,373,722,510,759,213,34,6,13,i_0435.jpg 
Olivine,13,Times,r,122,331,172,343,46,35,7,14,i_0435.jpg 
Mg,14,Helvetica,b,99,349,129,365,188,36,7,15,i_0435.jpg 
Single,13,Times,r,527,302,570,317,168,38,8,16,i_0435.jpg 
tetrahedron,13,Times,r,575,303,658,314,199,39,8,16,i_0435.jpg 
Example,14,Helvetica,b,834,237,906,253,202,40,9,17,i_0435.jpg 
Isolated,45,HelveticaCentury,r,360,116,553,159,158,0,0,0,i_0510.jpg 
Silicate,45,HelveticaCentury,r,574,116,749,159,203,1,0,0,i_0510.jpg 
Garnet,45,HelveticaCentury,r,584,239,755,278,206,2,0,1,i_0510.jpg 
eg,29,HelveticaCentury,r,583,302,656,328,198,3,0,2,i_0510.jpg 
Fe3AI2S1O4,29,HelveticaCentury,r,675,295,846,330,29,4,0,2,i_0510.jpg 
Commonly,35,HelveticaCentury,r,584,365,792,403,212,5,0,3,i_0510.jpg 
found,35,HelveticaCentury,r,809,364,918,396,212,6,0,3,i_0510.jpg 
in,35,HelveticaCentury,r,939,373,968,395,212,7,0,3,i_0510.jpg 
metamorphic,35,HelveticaCentury,r,585,412,844,451,210,8,0,4,i_0510.jpg 
rocks,35,HelveticaCentury,r,863,412,963,443,212,9,0,4,i_0510.jpg 
such,35,HelveticaCentury,r,583,460,670,491,212,10,0,5,i_0510.jpg 
as,35,HelveticaCentury,r,689,468,730,491,212,11,0,5,i_0510.jpg 
schist,35,HelveticaCentury,r,747,460,869,491,81,12,0,5,i_0510.jpg 
Gemstone,35,HelveticaCentury,r,584,509,782,539,211,13,0,6,i_0510.jpg 
with,35,HelveticaCentury,r,800,508,879,539,209,14,0,6,i_0510.jpg 
variety,35,HelveticaCentury,r,583,557,718,594,206,16,0,7,i_0510.jpg 
of,35,HelveticaCentury,r,736,555,773,587,208,17,0,7,i_0510.jpg 
colors,35,HelveticaCentury,r,787,556,901,587,212,18,0,7,i_0510.jpg 
birthstone,35,HelveticaCentury,r,585,604,782,635,211,19,0,8,i_0510.jpg 
for,35,HelveticaCentury,r,799,603,853,635,212,20,0,8,i_0510.jpg 
January,35,HelveticaCentury,r,582,653,736,690,193,22,0,9,i_0510.jpg 
Single,47,HelveticaCentury,r,325,36,483,94,211,0,0,0,i_0538.jpg 
Chain,47,HelveticaCentury,r,505,36,653,83,211,1,0,0,i_0538.jpg 
Silicate,47,HelveticaCentury,r,676,36,867,83,210,2,0,0,i_0538.jpg 
roxene,47,HelveticaCentury,r,432,129,601,158,183,3,1,1,i_0538.jpg 
eg,30,HelveticaCentury,r,660,283,733,310,187,4,2,2,i_0538.jpg 
FeSiO3,30,HelveticaCentury,r,752,277,861,311,34,5,2,2,i_0538.jpg 
cleavages,30,HelveticaCentury,r,694,318,858,351,208,7,2,3,i_0538.jpg 
dark,30,HelveticaCentury,r,834,359,907,385,211,9,2,4,i_0538.jpg 
colors,30,HelveticaCentury,r,660,399,757,426,206,10,2,5,i_0538.jpg 
Top,23,HelveticaCentury,r,55,560,94,586,211,11,3,6,i_0538.jpg 
view,23,HelveticaCentury,r,103,560,151,581,207,12,3,6,i_0538.jpg 
Gem,30,HelveticaCentury,r,216,728,291,754,208,13,4,7,i_0538.jpg 
Common,30,HelveticaCentury,r,660,482,808,508,206,14,5,8,i_0538.jpg 
rocks,30,HelveticaCentury,r,661,522,760,554,199,15,5,9,i_0538.jpg 
jadeitite,30,HelveticaCentury,r,652,727,791,760,164,16,5,10,i_0538.jpg 
in,30,HelveticaCentury,r,826,482,851,507,212,17,6,11,i_0538.jpg 
igneous,30,HelveticaCentury,r,869,482,997,514,196,18,6,11,i_0538.jpg 
jade,30,HelveticaCentury,r,803,727,877,760,204,19,7,12,i_0538.jpg 
Single,22,HelveticaCentury,r,84,56,151,81,210,21,8,13,i_0538.jpg 
chain,22,HelveticaCentury,r,73,85,131,105,183,22,8,14,i_0538.jpg 
Py,47,HelveticaCentury,r,371,120,425,168,186,23,9,15,i_0538.jpg 
Aug,47,HelveticaCentury,r,664,120,757,168,201,25,10,16,i_0538.jpg 
ite,47,HelveticaCentury,r,767,120,824,158,81,26,10,16,i_0538.jpg 
at,30,HelveticaCentury,r,873,319,904,344,212,27,11,17,i_0538.jpg 
End,23,HelveticaCentury,r,55,704,95,724,210,29,12,18,i_0538.jpg 
view,23,HelveticaCentury,r,104,704,153,724,207,30,12,18,i_0538.jpg 
also,30,HelveticaCentury,r,778,522,843,549,205,33,13,20,i_0538.jpg 
in,30,HelveticaCentury,r,859,523,884,548,210,34,13,20,i_0538.jpg 
metamorphic,30,HelveticaCentury,r,661,563,882,596,212,35,14,21,i_0538.jpg 
rocks,30,HelveticaCentury,r,898,563,985,590,214,36,14,21,i_0538.jpg 
rhodonite,30,HelveticaCentury,r,468,727,638,759,144,37,15,22,i_0538.jpg 
names,30,HelveticaCentury,r,309,734,418,754,209,38,16,23,i_0538.jpg 
pyroxene,25,HelveticaCentury,b,636,331,785,359,189,0,0,0,i_0658.jpg 
Hornblende,25,HelveticaCentury,b,510,713,677,735,81,3,2,2,i_0658.jpg 
amphibole,25,HelveticaCentury,b,688,712,856,741,206,4,2,2,i_0658.jpg 
Single,25,HelveticaCentury,r,103,272,185,300,192,7,4,5,i_0658.jpg 
chain,25,HelveticaCentury,r,196,272,266,295,206,8,4,5,i_0658.jpg 
Augite,25,HelveticaCentury,b,532,331,625,359,156,10,5,6,i_0658.jpg 
Double,25,HelveticaCentury,r,8,686,103,709,210,12,7,8,i_0658.jpg 
chain,25,HelveticaCentury,r,113,686,184,709,202,13,7,8,i_0658.jpg 
Top,23,HelveticaCentury,b,834,565,873,590,210,2,0,1,i_0685.jpg 
view,23,HelveticaCentury,b,882,565,929,585,209,3,0,1,i_0685.jpg 
Gem,30,HelveticaCentury,b,174,729,248,755,207,4,1,2,i_0685.jpg 
neph,30,HelveticaCentury,b,390,729,468,762,182,5,2,3,i_0685.jpg 
rite,30,HelveticaCentury,b,474,730,527,755,203,6,2,3,i_0685.jpg 
jade,30,HelveticaCentury,b,540,729,613,762,210,7,2,3,i_0685.jpg 
End,23,HelveticaCentury,b,834,707,874,727,210,10,3,6,i_0685.jpg 
view,23,HelveticaCentury,b,884,707,931,727,211,11,3,6,i_0685.jpg 
Double,50,HelveticaCentury,b,174,22,364,69,212,12,4,7,i_0685.jpg 
chain,50,HelveticaCentury,b,386,22,527,69,212,13,4,7,i_0685.jpg 
Amphibole,43,HelveticaCentury,b,10,110,277,159,210,14,4,8,i_0685.jpg 
Generally,30,HelveticaCentury,b,300,123,459,156,211,15,4,8,i_0685.jpg 
da,30,HelveticaCentury,b,474,123,511,150,209,16,4,8,i_0685.jpg 
cleavages,30,HelveticaCentury,b,45,167,209,200,210,18,5,9,i_0685.jpg 
at,30,HelveticaCentury,b,224,169,256,194,211,19,5,9,i_0685.jpg 
and,30,HelveticaCentury,b,336,167,394,194,212,21,5,9,i_0685.jpg 
silicate,50,HelveticaCentury,b,550,22,736,69,199,22,6,10,i_0685.jpg 
Double,23,HelveticaCentury,b,827,64,899,83,210,24,6,11,i_0685.jpg 
chain,23,HelveticaCentury,b,909,63,966,83,209,25,6,11,i_0685.jpg 
rk,30,HelveticaCentury,b,517,123,558,155,158,26,6,12,i_0685.jpg 
Hornblende,48,HelveticaCentury,b,19,640,256,683,27,28,8,14,i_0685.jpg 
name,30,HelveticaCentury,b,266,735,371,755,186,29,9,15,i_0685.jpg 
silicate,50,HelveticaCentury,r,550,22,736,69,198,3,1,2,i_0767.jpg 
Double,22,HelveticaCentury,b,827,64,899,83,210,5,1,3,i_0767.jpg 
chain,22,HelveticaCentury,b,909,63,966,83,185,6,1,3,i_0767.jpg 
Double,50,HelveticaCentury,r,174,22,364,69,210,8,2,5,i_0767.jpg 
chain,50,HelveticaCentury,r,386,22,527,69,211,9,2,5,i_0767.jpg 
Amphibole,43,HelveticaCentury,r,10,110,277,159,208,10,2,6,i_0767.jpg 
Generally,30,HelveticaCentury,r,300,123,459,156,211,11,2,6,i_0767.jpg 
da,30,HelveticaCentury,r,474,123,511,150,204,12,2,6,i_0767.jpg 
cleavages,30,HelveticaCentury,r,45,167,209,200,211,14,3,7,i_0767.jpg 
at,30,HelveticaCentury,r,224,169,256,194,212,15,3,7,i_0767.jpg 
and,30,HelveticaCentury,r,336,167,394,194,212,17,3,7,i_0767.jpg 
rk,30,HelveticaCentury,r,517,123,558,155,158,18,4,8,i_0767.jpg 
Horn,48,HelveticaCentury,r,19,640,113,683,212,20,6,10,i_0767.jpg 
blende,48,HelveticaCentury,r,121,640,256,683,85,21,6,10,i_0767.jpg 
Top,22,HelveticaCentury,b,834,565,873,590,205,23,7,12,i_0767.jpg 
view,22,HelveticaCentury,r,882,565,929,585,206,24,7,12,i_0767.jpg 
Sheet,50,HelveticaCentury,r,363,57,516,104,212,0,0,0,i_0775.jpg 
Silicates,50,HelveticaCentury,r,536,57,754,104,206,1,0,0,i_0775.jpg 
MIneralFormula,15,Helvetica,b,78,237,219,250,37,2,1,1,i_0775.jpg 
Blotite,15,Helvetica,b,149,333,196,345,41,3,1,2,i_0775.jpg 
KlgFe1AIShO,14,Helvetica,r,91,352,209,366,30,4,1,3,i_0775.jpg 
lOHi,14,Helvetica,r,217,352,248,362,28,5,1,3,i_0775.jpg 
Muscovite,15,Helvetica,b,134,512,211,525,103,8,3,5,i_0775.jpg 
KAIJSi3O0XOH2,14,Times,r,106,530,239,546,26,9,3,6,i_0775.jpg 
Cleavage,15,Helvetica,b,325,237,404,254,192,10,4,7,i_0775.jpg 
One,14,Helvetica,r,327,433,356,445,206,11,4,8,i_0775.jpg 
plane,14,Times,r,361,433,400,447,173,12,4,8,i_0775.jpg 
SHicate,15,Helvetica,b,520,237,583,251,43,13,5,9,i_0775.jpg 
Structure,14,Helvetica,r,589,237,668,251,199,14,5,9,i_0775.jpg 
Example,15,Helvetica,b,835,237,908,253,197,15,6,10,i_0775.jpg 
One,30,HelveticaCentury,r,88,670,153,696,211,16,7,11,i_0775.jpg 
cleavage,30,HelveticaCentury,r,168,669,315,702,211,17,7,11,i_0775.jpg 
at,30,HelveticaCentury,r,331,671,362,696,212,18,7,11,i_0775.jpg 
found,30,HelveticaCentury,r,482,669,575,696,195,20,7,11,i_0775.jpg 
in,30,HelveticaCentury,r,593,670,618,695,201,21,7,11,i_0775.jpg 
metamorphic,30,HelveticaCentury,r,637,669,858,702,205,22,7,11,i_0775.jpg 
rocks,30,HelveticaCentury,r,874,669,961,696,212,23,7,11,i_0775.jpg 
Not,30,HelveticaCentury,r,89,711,145,736,212,24,7,12,i_0775.jpg 
gemstone,30,HelveticaCentury,r,192,712,368,743,201,26,7,12,i_0775.jpg 
used,30,HelveticaCentury,r,386,710,461,737,213,27,7,12,i_0775.jpg 
for,30,HelveticaCentury,r,477,710,523,737,201,28,7,12,i_0775.jpg 
industrial,30,HelveticaCentury,r,538,710,691,737,201,29,7,12,i_0775.jpg 
purposes,30,HelveticaCentury,r,709,717,859,743,213,30,7,12,i_0775.jpg 
Sheets,14,Helvetica,r,569,287,618,299,201,31,8,13,i_0775.jpg 
Kaolinite,24,HelveticaCentury,b,141,573,242,594,24,0,0,0,i_0879.jpg 
Sheet,46,HelveticaCentury,r,295,23,435,66,212,1,1,1,i_0879.jpg 
Silicates,46,HelveticaCentury,r,454,23,653,66,210,2,1,1,i_0879.jpg 
clay,46,HelveticaCentury,r,674,23,803,77,207,3,1,1,i_0879.jpg 
Dennis,16,Helvetica,r,786,536,839,551,41,4,2,2,i_0879.jpg 
Tasa,16,Helvetica,r,846,536,880,551,134,5,2,2,i_0879.jpg 
Sheet,30,HelveticaCentury,r,71,618,167,644,211,6,3,3,i_0879.jpg 
silicate,30,HelveticaCentury,r,182,618,296,645,207,7,3,3,i_0879.jpg 
produced,30,HelveticaCentury,r,313,618,465,651,205,8,4,4,i_0879.jpg 
by,30,HelveticaCentury,r,483,618,520,651,207,9,5,5,i_0879.jpg 
chemical,30,HelveticaCentury,r,536,618,680,645,206,10,6,6,i_0879.jpg 
weathering,30,HelveticaCentury,r,697,618,897,651,205,11,6,6,i_0879.jpg 
most,30,HelveticaCentury,r,72,660,153,685,211,12,7,7,i_0879.jpg 
common,30,HelveticaCentury,r,168,665,310,686,212,13,7,7,i_0879.jpg 
is,30,HelveticaCentury,r,328,660,351,685,205,14,7,7,i_0879.jpg 
kaolinite,30,HelveticaCentury,r,367,659,507,686,133,15,7,7,i_0879.jpg 
A12S1205OH4,30,HelveticaCentury,r,522,659,753,694,23,16,7,7,i_0879.jpg 
or,30,HelveticaCentury,r,764,665,798,686,213,17,7,7,i_0879.jpg 
aluminum,30,HelveticaCentury,r,812,659,977,686,212,18,7,7,i_0879.jpg 
silicate,30,HelveticaCentury,r,71,700,185,726,211,19,7,8,i_0879.jpg 
hydroxide,30,HelveticaCentury,r,202,700,367,733,193,20,7,8,i_0879.jpg 
iJ,9,Helvetica,r,284,237,314,257,31,22,9,10,i_0879.jpg 
Framework,50,HelveticaCentury,r,239,40,548,87,207,0,0,0,i_0937.jpg 
Silicates,50,HelveticaCentury,r,567,40,785,87,206,1,0,0,i_0937.jpg 
Quartz,46,HelveticaCentury,r,482,28,648,74,207,0,0,0,i_0952.jpg 
Si02,37,HelveticaCentury,r,687,101,780,146,29,1,0,1,i_0952.jpg 
No,30,HelveticaCentury,r,687,153,728,178,211,2,0,2,i_0952.jpg 
cleavage,30,HelveticaCentury,r,743,152,890,185,210,3,0,2,i_0952.jpg 
Variety,30,HelveticaCentury,r,684,194,804,226,210,4,0,3,i_0952.jpg 
of,30,HelveticaCentury,r,819,193,851,220,204,5,0,3,i_0952.jpg 
colors,30,HelveticaCentury,r,864,193,961,219,212,6,0,3,i_0952.jpg 
Conchoidal,30,HelveticaCentury,r,686,234,867,261,167,7,0,4,i_0952.jpg 
fracture,30,HelveticaCentury,r,883,234,1015,261,203,8,0,4,i_0952.jpg 
Gem,30,HelveticaCentury,r,695,338,782,369,212,9,0,5,i_0952.jpg 
Names,30,HelveticaCentury,r,803,339,948,368,204,10,0,5,i_0952.jpg 
Amethyst,30,HelveticaCentury,r,693,384,855,417,207,11,0,6,i_0952.jpg 
Cats,30,HelveticaCentury,r,694,425,775,452,202,12,0,7,i_0952.jpg 
Eye,30,HelveticaCentury,r,792,426,849,458,212,13,0,7,i_0952.jpg 
Smoky,30,HelveticaCentury,r,695,466,808,499,56,14,0,8,i_0952.jpg 
Quartz,30,HelveticaCentury,r,824,466,935,498,212,15,0,8,i_0952.jpg 
Onyx,30,HelveticaCentury,r,694,507,779,540,206,16,0,9,i_0952.jpg 
Citrine,30,HelveticaCentury,r,694,548,803,575,174,17,0,10,i_0952.jpg 
Agate,30,HelveticaCentury,r,693,590,789,622,209,18,0,11,i_0952.jpg 
Carnelian,30,HelveticaCentury,r,694,630,850,656,114,19,0,12,i_0952.jpg 
Opal,30,HelveticaCentury,r,694,671,767,704,212,20,0,13,i_0952.jpg 
cyrptocrystalline,30,HelveticaCentury,r,785,671,918,704,103,21,0,13,i_0952.jpg 
Quartz,48,HelveticaCentury,r,36,561,165,607,208,22,1,14,i_0952.jpg 
ENDESC,10,TimesCentury,r,54,20,111,32,49,1,0,0,i_0985.jpg 
Quartz,46,HelveticaCentury,r,482,28,648,74,207,2,0,1,i_0985.jpg 
S102,37,HelveticaCentury,r,687,101,780,146,24,3,0,2,i_0985.jpg 
No,30,HelveticaCentury,r,687,153,728,178,211,4,0,3,i_0985.jpg 
cleavage,30,HelveticaCentury,r,743,152,890,185,210,5,0,3,i_0985.jpg 
Variety,30,HelveticaCentury,r,684,194,804,226,210,6,0,4,i_0985.jpg 
of,30,HelveticaCentury,r,819,193,851,220,204,7,0,4,i_0985.jpg 
colors,30,HelveticaCentury,r,864,193,961,220,212,8,0,4,i_0985.jpg 
Conchoidal,30,HelveticaCentury,r,686,234,867,261,164,9,0,5,i_0985.jpg 
fracture,30,HelveticaCentury,r,883,234,1015,261,203,10,0,5,i_0985.jpg 
Gem,31,HelveticaCentury,r,694,338,782,369,211,11,0,6,i_0985.jpg 
Names,31,HelveticaCentury,r,803,339,948,368,204,12,0,6,i_0985.jpg 
Amethyst,31,HelveticaCentury,r,693,384,855,417,207,13,0,7,i_0985.jpg 
Cats,31,HelveticaCentury,r,694,425,775,452,204,14,0,8,i_0985.jpg 
Eye,31,HelveticaCentury,r,792,426,849,458,212,15,0,8,i_0985.jpg 
Smoky,31,HelveticaCentury,r,695,466,808,499,212,16,0,9,i_0985.jpg 
Quartz,31,HelveticaCentury,r,824,466,935,498,212,17,0,9,i_0985.jpg 
Onyx,31,HelveticaCentury,r,694,507,779,540,206,18,0,10,i_0985.jpg 
Citrine,31,HelveticaCentury,r,694,548,803,575,139,19,0,11,i_0985.jpg 
Quartz,48,HelveticaCentury,r,36,561,164,607,208,20,0,12,i_0985.jpg 
Agate,30,HelveticaCentury,r,693,590,789,622,206,21,0,12,i_0985.jpg 
Carnelian,30,HelveticaCentury,r,694,630,850,656,151,22,0,13,i_0985.jpg 
Opal,30,HelveticaCentury,r,694,671,767,704,212,23,0,14,i_0985.jpg 
cyrptoA,30,HelveticaCentury,r,785,671,918,704,100,24,0,14,i_0985.jpg 
Zoom,11,Helvetica,r,280,730,313,739,204,26,0,15,i_0985.jpg 
iF,25,HelveticaCentury,r,560,254,602,277,27,0,0,0,i_1038.jpg 
Potassium,19,Helvetica,r,472,317,566,335,204,4,0,2,i_1038.jpg 
feldspar,19,Helvetica,r,574,318,649,339,207,5,0,2,i_1038.jpg 
crystal,19,Helvetica,r,456,343,517,364,209,6,0,3,i_1038.jpg 
orthoclase,19,Helvetica,r,527,343,639,362,131,7,0,3,i_1038.jpg 
Sodiumrich,19,Helvetica,r,450,656,563,674,196,9,0,4,i_1038.jpg 
plagioclase,19,Helvetica,r,572,656,679,679,178,10,0,4,i_1038.jpg 
feldspar,19,Helvetica,r,477,683,552,704,208,11,0,5,i_1038.jpg 
albite,19,Helvetica,r,560,682,627,702,156,12,0,5,i_1038.jpg 
Gem,30,HelveticaCentury,r,532,729,607,755,205,13,0,6,i_1038.jpg 
Potassium,19,Helvetica,r,744,317,837,335,208,15,1,7,i_1038.jpg 
feldspar,19,Helvetica,r,846,318,921,339,211,16,1,7,i_1038.jpg 
showing,19,Helvetica,r,929,317,1005,339,206,17,1,7,i_1038.jpg 
cleavage,19,Helvetica,r,762,343,845,364,209,18,1,8,i_1038.jpg 
orthoclase,19,Helvetica,r,854,343,966,362,161,19,1,8,i_1038.jpg 
Plagioclase,19,Helvetica,r,737,656,845,678,151,21,2,9,i_1038.jpg 
feldspar,19,Helvetica,r,853,657,929,678,210,22,2,9,i_1038.jpg 
showing,19,Helvetica,r,937,656,1013,678,202,23,2,9,i_1038.jpg 
striations,19,Helvetica,r,756,681,842,700,178,24,2,10,i_1038.jpg 
labradorite,19,Helvetica,r,851,682,967,702,111,25,2,10,i_1038.jpg 
Moonstone,30,HelveticaCentury,r,760,729,941,755,207,27,2,11,i_1038.jpg 
Potassium,25,HelveticaCentury,r,597,22,722,45,206,28,3,12,i_1038.jpg 
Feldspar,25,HelveticaCentury,r,734,23,839,51,210,29,3,12,i_1038.jpg 
Framework,46,HelveticaCentury,r,40,47,323,90,206,30,4,13,i_1038.jpg 
Silicates,46,HelveticaCentury,r,37,122,237,165,208,31,4,14,i_1038.jpg 
CaAI2S12O8,30,HelveticaCentury,r,71,217,247,252,30,32,4,15,i_1038.jpg 
or,30,HelveticaCentury,r,262,223,296,243,212,33,4,15,i_1038.jpg 
NaA1S1308,30,HelveticaCentury,r,124,258,302,293,24,35,4,16,i_1038.jpg 
cleavages,30,HelveticaCentury,r,104,340,269,373,210,37,4,17,i_1038.jpg 
at,30,HelveticaCentury,r,284,342,316,366,214,38,4,17,i_1038.jpg 
Light,30,HelveticaCentury,r,72,381,153,414,205,40,4,18,i_1038.jpg 
colored,30,HelveticaCentury,r,168,381,287,407,211,41,4,18,i_1038.jpg 
In,30,HelveticaCentury,r,71,450,102,475,158,42,4,19,i_1038.jpg 
the,30,HelveticaCentury,r,118,449,171,475,212,43,4,19,i_1038.jpg 
Earths,30,HelveticaCentury,r,187,448,301,475,201,44,4,19,i_1038.jpg 
crust,30,HelveticaCentury,r,317,450,409,481,209,45,4,19,i_1038.jpg 
this,30,HelveticaCentury,r,70,490,130,516,202,46,4,20,i_1038.jpg 
is,30,HelveticaCentury,r,146,491,169,516,211,47,4,20,i_1038.jpg 
the,30,HelveticaCentury,r,183,489,236,516,213,48,4,20,i_1038.jpg 
most,30,HelveticaCentury,r,253,491,334,516,212,49,4,20,i_1038.jpg 
common,30,HelveticaCentury,r,71,537,213,557,212,50,4,21,i_1038.jpg 
silicate,30,HelveticaCentury,r,230,530,344,557,209,51,4,21,i_1038.jpg 
mineral,30,HelveticaCentury,r,72,571,206,598,199,52,4,22,i_1038.jpg 
Found,30,HelveticaCentury,r,238,571,336,598,213,53,4,22,i_1038.jpg 
in,30,HelveticaCentury,r,354,572,379,597,198,54,4,22,i_1038.jpg 
igneous,30,HelveticaCentury,r,72,614,210,646,201,55,4,23,i_1038.jpg 
sedimentary,30,HelveticaCentury,r,71,654,290,686,205,56,4,24,i_1038.jpg 
and,30,HelveticaCentury,r,308,653,366,680,212,57,4,24,i_1038.jpg 
metamorphic,30,HelveticaCentury,r,72,695,294,727,200,58,4,25,i_1038.jpg 
rocks,30,HelveticaCentury,r,310,694,396,721,212,59,4,25,i_1038.jpg 
Plagioclase,25,HelveticaCentury,r,587,404,731,433,127,60,5,26,i_1038.jpg 
Feldspar,25,HelveticaCentury,r,744,405,848,433,210,61,5,26,i_1038.jpg 
NkF,19,Helvetica,r,594,488,644,507,25,62,6,27,i_1038.jpg 
name,30,HelveticaCentury,r,625,735,716,755,209,65,7,30,i_1038.jpg 
Common,42,HelveticaCentury,b,85,15,289,52,208,0,0,0,i_1137.jpg 
Nonsilicate,42,HelveticaCentury,b,311,13,559,52,126,1,0,0,i_1137.jpg 
Mineral,42,HelveticaCentury,b,580,13,751,52,206,2,0,0,i_1137.jpg 
Groups,42,HelveticaCentury,b,770,15,933,62,212,3,0,0,i_1137.jpg 
Common,11,Helvetica,r,416,120,459,129,120,4,0,1,i_1137.jpg 
Miotal,11,Helvetica,r,526,120,565,129,28,6,0,1,i_1137.jpg 
Ri,8,Helvetica,r,356,148,380,156,23,9,0,2,i_1137.jpg 
Chaci,8,Helvetica,r,401,147,441,155,40,10,0,2,i_1137.jpg 
Fma,9,Times,b,445,147,479,155,42,11,0,2,i_1137.jpg 
Lcpemic,9,Times,b,501,146,543,155,33,12,0,2,i_1137.jpg 
Uw,9,Times,b,547,147,563,155,51,13,0,2,i_1137.jpg 
ICb,8,Helvetica,r,342,673,358,680,28,15,1,4,i_1137.jpg 
Cd,8,Helvetica,r,432,310,447,319,22,23,5,11,i_1137.jpg 
AD,8,Helvetica,r,434,323,446,329,44,24,6,12,i_1137.jpg 
bA,8,Helvetica,r,431,390,449,399,41,27,8,14,i_1137.jpg 
ia,8,Helvetica,r,498,428,516,435,37,35,14,20,i_1137.jpg 
Ibi,8,Helvetica,r,433,482,447,489,32,38,15,21,i_1137.jpg 
tbi,8,Helvetica,r,434,495,447,502,38,40,17,23,i_1137.jpg 
If,7,Helvetica,b,520,533,527,539,36,48,24,30,i_1137.jpg 
PiiIbIf,8,Helvetica,r,512,711,552,718,30,53,25,33,i_1137.jpg 
II,30,HelveticaCentury,b,572,573,580,614,28,68,37,48,i_1137.jpg 
Carbonates,51,HelveticaCentury,r,89,95,407,142,211,0,0,0,i_1174.jpg 
Basic,34,HelveticaCentury,r,111,217,202,248,210,2,0,1,i_1174.jpg 
unit,34,HelveticaCentury,r,216,217,288,248,209,3,0,1,i_1174.jpg 
is,34,HelveticaCentury,r,302,217,328,248,212,4,0,1,i_1174.jpg 
the,34,HelveticaCentury,r,340,216,401,248,212,5,0,1,i_1174.jpg 
CO32,34,HelveticaCentury,r,415,214,526,259,96,6,0,1,i_1174.jpg 
complex,34,HelveticaCentury,r,548,216,705,255,210,7,0,1,i_1174.jpg 
There,34,HelveticaCentury,r,108,276,214,308,210,9,0,2,i_1174.jpg 
are,34,HelveticaCentury,r,228,286,286,308,212,10,0,2,i_1174.jpg 
different,34,HelveticaCentury,r,300,276,463,308,212,11,0,2,i_1174.jpg 
carbonate,34,HelveticaCentury,r,477,276,665,308,212,12,0,2,i_1174.jpg 
minerals,34,HelveticaCentury,r,680,276,839,308,209,13,0,2,i_1174.jpg 
depending,34,HelveticaCentury,r,110,326,307,365,211,14,0,3,i_1174.jpg 
on,34,HelveticaCentury,r,320,335,364,357,213,15,0,3,i_1174.jpg 
which,34,HelveticaCentury,r,378,326,487,357,210,16,0,3,i_1174.jpg 
cation,34,HelveticaCentury,r,502,327,615,357,213,17,0,3,i_1174.jpg 
is,34,HelveticaCentury,r,630,326,656,357,212,18,0,3,i_1174.jpg 
attached,34,HelveticaCentury,r,669,326,832,357,211,19,0,3,i_1174.jpg 
to,34,HelveticaCentury,r,846,330,883,357,214,20,0,3,i_1174.jpg 
the,34,HelveticaCentury,r,896,326,956,357,213,21,0,3,i_1174.jpg 
carbonate,34,HelveticaCentury,r,109,375,297,406,212,22,0,4,i_1174.jpg 
complex,34,HelveticaCentury,r,311,375,479,414,205,23,0,4,i_1174.jpg 
CO32,34,HelveticaCentury,r,505,373,616,417,128,24,0,4,i_1174.jpg 
cations,34,HelveticaCentury,r,671,376,803,406,179,26,0,4,i_1174.jpg 
Two,34,HelveticaCentury,r,108,489,187,519,213,28,0,5,i_1174.jpg 
most,34,HelveticaCentury,r,202,492,293,519,214,29,0,5,i_1174.jpg 
important,34,HelveticaCentury,r,307,488,495,526,212,30,0,5,i_1174.jpg 
carbonates,34,HelveticaCentury,r,508,488,714,519,212,31,0,5,i_1174.jpg 
are,34,HelveticaCentury,r,728,496,786,519,213,32,0,5,i_1174.jpg 
calcite,34,HelveticaCentury,r,801,488,919,519,212,33,0,5,i_1174.jpg 
CaCO3,34,HelveticaCentury,r,111,536,250,579,31,34,0,6,i_1174.jpg 
and,34,HelveticaCentury,r,265,537,332,568,213,35,0,6,i_1174.jpg 
dolomite,34,HelveticaCentury,r,347,536,515,568,213,36,0,6,i_1174.jpg 
CaMgC032,34,HelveticaCentury,r,531,536,775,579,31,37,0,6,i_1174.jpg 
Calcite,42,HelveticaCentury,r,82,51,231,90,207,0,0,0,i_1215.jpg 
exhibits,42,HelveticaCentury,r,250,50,425,90,207,1,0,0,i_1215.jpg 
double,42,HelveticaCentury,r,443,50,598,90,212,2,0,0,i_1215.jpg 
refraction,42,HelveticaCentury,r,618,50,838,90,212,3,0,0,i_1215.jpg 
and,42,HelveticaCentury,r,857,51,938,90,213,4,0,0,i_1215.jpg 
reacts,42,HelveticaCentury,r,268,124,402,158,213,5,0,1,i_1215.jpg 
with,42,HelveticaCentury,r,419,119,516,158,214,6,0,1,i_1215.jpg 
dilute,42,HelveticaCentury,r,536,119,663,158,213,7,0,1,i_1215.jpg 
HCI,42,HelveticaCentury,r,683,119,753,158,29,8,0,1,i_1215.jpg 
Refracti,19,Times,r,58,616,132,634,96,9,1,2,i_1215.jpg 
uble,19,Times,r,392,614,442,631,24,11,1,2,i_1215.jpg 
IhI,15,Helvetica,b,715,568,747,592,29,18,3,5,i_1215.jpg 
Ar,10,HelveticaCentury,r,696,462,731,496,21,23,5,9,i_1215.jpg 
CD,27,HelveticaCentury,r,47,290,74,314,90,2,0,2,i_1241.jpg 
II,15,Helvetica,r,47,348,74,364,21,4,0,4,i_1241.jpg 
CD,27,HelveticaCentury,r,47,367,74,391,100,5,0,5,i_1241.jpg 
CD,27,HelveticaCentury,r,637,453,670,480,83,8,1,8,i_1241.jpg 
CD,27,HelveticaCentury,r,637,612,670,639,72,10,1,10,i_1241.jpg 
Cr,26,HelveticaCentury,r,637,717,670,738,31,12,1,12,i_1241.jpg 
CD,27,HelveticaCentury,r,47,731,74,755,33,14,2,14,i_1241.jpg 
CD,27,HelveticaCentury,r,47,881,74,906,55,18,2,18,i_1241.jpg 
Cube,26,HelveticaCentury,b,62,596,137,621,211,1,0,0,i_1340.jpg 
fluorite,26,HelveticaCentury,b,148,597,260,627,207,2,0,0,i_1340.jpg 
Halides,56,HelveticaCentury,b,412,83,631,136,207,3,1,1,i_1340.jpg 
lntergrown,18,Helvetica,b,568,608,668,629,48,8,4,5,i_1340.jpg 
crystals,18,Helvetica,b,676,609,750,629,196,9,4,5,i_1340.jpg 
of,18,Helvetica,b,757,609,775,625,210,10,4,5,i_1340.jpg 
the,18,Helvetica,b,781,609,811,625,210,11,4,5,i_1340.jpg 
mineral,18,Helvetica,b,819,609,888,625,206,12,4,5,i_1340.jpg 
halite,18,Helvetica,b,896,609,951,625,202,13,4,5,i_1340.jpg 
Sulfates,57,HelveticaCentury,r,46,67,295,120,207,0,0,0,i_1357.jpg 
Sulfur,34,HelveticaCentury,r,49,233,159,265,210,2,0,1,i_1357.jpg 
is,34,HelveticaCentury,r,172,234,198,265,204,3,0,1,i_1357.jpg 
present,34,HelveticaCentury,r,212,238,353,272,210,4,0,1,i_1357.jpg 
as,34,HelveticaCentury,r,366,243,403,265,211,5,0,1,i_1357.jpg 
sulfate,34,HelveticaCentury,r,11,294,136,325,211,6,0,2,i_1357.jpg 
ion,34,HelveticaCentury,r,151,294,206,325,209,7,0,2,i_1357.jpg 
Important,34,HelveticaCentury,r,51,468,239,505,203,10,0,3,i_1357.jpg 
sulfates,34,HelveticaCentury,r,252,466,408,497,202,11,0,3,i_1357.jpg 
Anhydrite,29,HelveticaCentury,r,93,524,255,558,133,13,0,4,i_1357.jpg 
CaSO4,29,HelveticaCentury,r,268,523,389,561,33,14,0,4,i_1357.jpg 
Gypsum,29,HelveticaCentury,r,94,578,225,611,210,16,0,5,i_1357.jpg 
CaSO4,29,HelveticaCentury,r,239,576,348,613,33,17,0,5,i_1357.jpg 
2H20,29,HelveticaCentury,r,374,576,468,614,32,18,0,5,i_1357.jpg 